2006-01-01,120,100,3
2006-01-02,120,100,3
2006-01-03,116.985294118,100,4
2006-01-04,110,100,4
2006-01-05,80,100,4
2006-01-06,105,100,4
2006-01-07,100,100,2.5
2006-01-08,120,100,3
2006-01-09,110,100,3
2006-01-10,120,100,4.5
2006-01-11,140,100,4
2006-01-12,98,100,2
2006-01-13,110,100,1.8
2006-01-14,140,100,1.8108
2006-01-15,120,100,1.8404
2006-01-16,120,100,1.8846
2006-01-17,130,100,1.9392
2006-01-18,112,100,2
2006-01-19,124.5,100,2.265625
2006-01-20,145,100,2.5
2006-01-21,110,100,2
2006-01-22,124,100,3
2006-01-23,130,100,3.2431048069
2006-01-24,100,100,3.427107959
2006-01-25,120,100,3.5
2006-01-26,140,100,3.4241338112
2006-01-27,125,100,3.2371565114
2006-01-28,110,100,3
2006-01-29,124,100,2.617147708
2006-01-30,120,100,2
2006-01-31,110,100,0.5
2006-02-01,110,100,2
2006-02-02,120,100,2
2006-02-03,100,100,2
2006-02-04,110,100,2
2006-02-05,140,100,2
2006-02-06,110,100,1.8
2006-02-07,110,100,2.5
2006-02-08,115,100,2.8
2006-02-09,120,100,1.6
2006-02-10,120,100,2.1
2006-02-11,120,100,2.6
2006-02-12,123,100,2
2006-02-13,123.698529412,100,2.3
2006-02-14,124,100,3
2006-02-15,124,100,2.8175
2006-02-16,110.5,100,2.5
2006-02-17,102.4,100,2.2
2006-02-18,124,100,3
2006-02-19,123,100,2.9355263158
2006-02-20,130,100,2.8
2006-02-21,110,100,2.5
2006-02-22,120,100,3
2006-02-23,140,200,2.5
2006-02-24,130,200,2.55
2006-02-25,110,200,2.6
2006-02-26,103.125,200,2.3
2006-02-27,100,200,2
2006-02-28,112,200,2.5
2006-03-01,110,200,2.4
2006-03-02,110,200,2.5
2006-03-03,98,200,0.3
2006-03-04,95,200,1.5
2006-03-05,120,200,2
2006-03-06,90,200,1.2
2006-03-07,110,200,0.4
2006-03-08,100,200,2
2006-03-09,140,200,3
2006-03-10,120,200,2.75
2006-03-11,98,200,2.5
2006-03-12,130,200,2.5
2006-03-13,110,200,1.5
2006-03-14,111.45784082,200,1.5
2006-03-15,115.137903861,200,1.5
2006-03-16,120,200,1.5
2006-03-17,140,200,1.5
2006-03-18,120,200,1.5
2006-03-19,100,200,2
2006-03-20,110,200,2
2006-03-21,110,200,2
2006-03-22,100,230,2.2
2006-03-23,100,230,1.8
2006-03-24,100,200,1.5
2006-03-25,100,240,2.5
2006-03-26,98,240,2
2006-03-27,107.741525424,240,1.8
2006-03-28,120,220,2.5
2006-03-29,123,200,1.6
2006-03-30,126.5,201.382419234,2
2006-03-31,145,205.35687453,2
2006-04-01,120,211.664162284,2.15
2006-04-02,115,220.045078888,2.3
2006-04-03,98,230.240420736,1.5
2006-04-04,110,241.990984222,2
2006-04-05,120,255.03756574,1.8
2006-04-06,100,269.120961683,1.6
2006-04-07,100,283.981968445,3
2006-04-08,120,299.361382419,0.6
2006-04-09,120,315,1.5
2006-04-10,110,330.638617581,1.8
2006-04-11,120,346.018031555,3
2006-04-12,118.4375,360.879038317,0.6
2006-04-13,115,374.96243426,0.6
2006-04-14,111.5625,388.009015778,1.429009434
2006-04-15,110,399.759579264,2.5
2006-04-16,110,409.954921112,2.8
2006-04-17,105,418.335837716,3
2006-04-18,100,424.64312547,13.6098837209
2006-04-19,120,428.617580766,24
2006-04-20,100,430,2.5
2006-04-21,140,423.333333333,3
2006-04-22,120,406.666666667,3
2006-04-23,100,385,2.5
2006-04-24,140,363.333333333,2.5
2006-04-25,135,346.666666667,2.5
2006-04-26,120,340,2.25
2006-04-27,120,450,2
2006-04-28,100,450,3
2006-04-29,140,450,1.8
2006-04-30,140,450,2
2006-05-01,100,450,3
2006-05-02,110,450,4
2006-05-03,130,460,3
2006-05-04,120,400,1.5
2006-05-05,110,500,3.5
2006-05-06,120,540,2.5
2006-05-07,100,430,2
2006-05-08,100,450,3
2006-05-09,100,450,2.5
2006-05-10,100,540,2
2006-05-11,110,450,1
2006-05-12,120,430,2
2006-05-13,130,450,1.8
2006-05-14,110,460,1.5
2006-05-15,125,560,2
2006-05-16,140,400,2.5
2006-05-17,120,450,1.5
2006-05-18,110,450,1.8
2006-05-19,125,450,2
2006-05-20,100,450,2.5
2006-05-21,120,450,1
2006-05-22,120,540,2
2006-05-23,120,450,1.5
2006-05-24,100,450,3
2006-05-25,100,450,2
2006-05-26,105,430,1.3392857143
2006-05-27,120,450,1
2006-05-28,125,450,2
2006-05-29,100,460,1.5
2006-05-30,100,470,2
2006-05-31,120,430,1.5
2006-06-01,120,430,2
2006-06-02,100,430,2.5
2006-06-03,122,540,1
2006-06-04,100,440,1
2006-06-05,100,340,1.2
2006-06-06,120,340,2
2006-06-07,120,340,2
2006-06-08,120,340,1.5
2006-06-09,120,430,1.5
2006-06-10,120,385,2
2006-06-11,140,340,1.2
2006-06-12,120,340,2.5
2006-06-13,100,340,3
2006-06-14,100,340,1
2006-06-15,100,395,1.15625
2006-06-16,100,450,1.5
2006-06-17,120,420,2.5
2006-06-18,120,371.290322581,1.5
2006-06-19,120,340,3
2006-06-20,120,430,1.3
2006-06-21,100,540,2
2006-06-22,120,430,1.8
2006-06-23,100,450,2
2006-06-24,120,450,1.4
2006-06-25,120,432.8125,1.6
2006-06-26,150,395,1.5
2006-06-27,100,357.1875,1.5171467764
2006-06-28,140,340,1.5631001372
2006-06-29,120,340,1.6296296296
2006-06-30,120,450,1.7085048011
2006-07-01,115,450,1.7914951989
2006-07-02,110,450,1.8703703704
2006-07-03,110,450,1.9368998628
2006-07-04,120,450,1.9828532236
2006-07-05,110,350,2
2006-07-06,120,450,1
2006-07-07,100,430,1.5
2006-07-08,120,495,3
2006-07-09,110,560,3
2006-07-10,115,450,3
2006-07-11,85,430,2.5833333333
2006-07-12,120,430.160548697,2
2006-07-13,110,430.632537723,1.7395833333
2006-07-14,125,431.401481481,1.5
2006-07-15,110,432.452894376,1.0770833333
2006-07-16,125,433.772290809,0.8
2006-07-17,140,435.345185185,1.8
2006-07-18,130,437.157091907,2.1
2006-07-19,105,439.193525377,1.9982142857
2006-07-20,110,441.44,1.8
2006-07-21,100,443.882030178,1.5
2006-07-22,145,446.505130316,2
2006-07-23,145,449.294814815,0.5
2006-07-24,140,452.23659808,1.7
2006-07-25,135,455.315994513,1.2
2006-07-26,125.965909091,458.518518519,1.8
2006-07-27,120,461.829684499,1
2006-07-28,125,465.235006859,1
2006-07-29,120,468.72,1.8
2006-07-30,125,472.270178326,2
2006-07-31,120,475.871056241,1.2
2006-08-01,120,479.508148148,1.4
2006-08-02,120,483.16696845,1
2006-08-03,120,486.83303155,1.2
2006-08-04,120,490.491851852,1.5
2006-08-05,120,494.128943759,1.35
2006-08-06,120,497.729821674,1.2
2006-08-07,120,501.28,1.5
2006-08-08,120,504.764993141,2
2006-08-09,120,508.170315501,1
2006-08-10,120,511.481481481,1
2006-08-11,119.828532236,514.684005487,1.2
2006-08-12,119.368998628,517.76340192,1.5
2006-08-13,118.703703704,520.705185185,2.5
2006-08-14,117.914951989,523.494869684,1.8
2006-08-15,117.085048011,526.117969822,1
2006-08-16,116.296296296,528.56,1.2592592593
2006-08-17,115.631001372,530.806474623,1.7407407407
2006-08-18,115.171467764,532.842908093,2
2006-08-19,115,534.654814815,1
2006-08-20,125,536.227709191,1.8
2006-08-21,125,537.547105624,2
2006-08-22,112,538.598518519,1.8
2006-08-23,105,539.367462277,1.2
2006-08-24,120,539.839451303,2.5
2006-08-25,115,540,2
2006-08-26,120,450,1.2
2006-08-27,120,450,1
2006-08-28,100,450,1.1696428571
2006-08-29,100,450,1.5
2006-08-30,110,450,2
2006-08-31,115,450,1.7875
2006-09-01,90,450.524563758,1.5
2006-09-02,120,451.973691275,1.4
2006-09-03,125,454.160536913,1.2
2006-09-04,130,456.898255034,1.2
2006-09-05,125,460,1.15
2006-09-06,140,540,1.1
2006-09-07,130,460,1.5
2006-09-08,123,450,1.6423529412
2006-09-09,140,452.592592593,1.7776470588
2006-09-10,80,457.407407407,1.8917647059
2006-09-11,130,460,1.9705882353
2006-09-12,135,450,2
2006-09-13,125,440,1.9556851312
2006-09-14,125,440.027033153,1.8413994169
2006-09-15,124.21875,440.107777462,1.6851311953
2006-09-16,122.5,440.241700208,1.5148688047
2006-09-17,120.78125,440.428268667,1.3586005831
2006-09-18,120,440.666950117,1.2443148688
2006-09-19,120,440.957211837,1.2
2006-09-20,140,441.298521106,1.2
2006-09-21,120,441.6903452,1.2
2006-09-22,120,442.132151398,1.2
2006-09-23,130,442.623406979,1.2
2006-09-24,140,443.16357922,1.2
2006-09-25,120,443.7521354,1.2
2006-09-26,120,444.388542796,1.2
2006-09-27,125,445.072268687,1.2
2006-09-28,120,445.802780351,1.2
2006-09-29,124,446.579545066,1.2
2006-09-30,124.483088762,447.402030111,1.2021593344
2006-10-01,125,448.269702762,1.2084592481
2006-10-02,150,449.182030299,1.2186326071
2006-10-03,140,450.13848,1.232412277
2006-10-04,120,451.138519142,1.2495311239
2006-10-05,140,452.181615004,1.2697220135
2006-10-06,140,453.267234864,1.2927178117
2006-10-07,140,454.394846001,1.3182513844
2006-10-08,140,455.563915691,1.3460555973
2006-10-09,140,456.773911213,1.3758633164
2006-10-10,140,458.024299847,1.4074074074
2006-10-11,140,459.314548868,1.4404207363
2006-10-12,140,460.644125557,1.4746361689
2006-10-13,150,462.01249719,1.5097865709
2006-10-14,140,463.419131046,1.5456048084
2006-10-15,100,464.863494403,1.5818237471
2006-10-16,140,466.34505454,1.6181762529
2006-10-17,140,467.863278734,1.6543951916
2006-10-18,140,469.417634263,1.6902134291
2006-10-19,150,471.007588406,1.7253638312
2006-10-20,140,472.63260844,1.7595792637
2006-10-21,120,474.292161645,1.7925925926
2006-10-22,140,475.985715297,1.8241366836
2006-10-23,120,477.712736676,1.8539444027
2006-10-24,120,479.472693058,1.8817486156
2006-10-25,100,481.265051723,1.9072821883
2006-10-26,140,483.089279949,1.9302779865
2006-10-27,120,484.944845013,1.9504688761
2006-10-28,150,486.831214194,1.967587723
2006-10-29,135,488.74785477,1.9813673929
2006-10-30,120,490.694234018,1.9915407519
2006-10-31,140,492.669819218,1.9978406656
2006-11-01,120,494.674077647,2
2006-11-02,140,496.706476584,1
2006-11-03,140,498.766483305,1.5
2006-11-04,120,500.853565091,1.7044354839
2006-11-05,120,502.967189218,1.8
2006-11-06,120,505.106822965,1.2
2006-11-07,120,507.271933611,1.0602941177
2006-11-08,140,509.461988432,1
2006-11-09,120,511.676454707,1
2006-11-10,120,513.914799715,2
2006-11-11,150,516.176490734,1.4
2006-11-12,140,518.460995041,1.6
2006-11-13,140,520.767779915,1.5481481482
2006-11-14,120,523.096312633,1.4518518519
2006-11-15,125,525.446060475,1.4
2006-11-16,150,527.816490718,1.4259259259
2006-11-17,135,530.20707064,1.4740740741
2006-11-18,120,532.617267519,1.5
2006-11-19,120,535.046548634,1.4833819242
2006-11-20,135,537.494381263,1.4405247813
2006-11-21,150,539.960232684,1.3819241983
2006-11-22,140,542.443570174,1.3180758018
2006-11-23,120,544.943861012,1.2594752187
2006-11-24,140,547.460572477,1.2166180758
2006-11-25,150,549.993171846,1.2
2006-11-26,154,552.541126397,1.6
2006-11-27,150,555.103903408,1.8
2006-11-28,160,557.680970159,1.6326086957
2006-11-29,140,560.271793926,1.4
2006-11-30,100,562.875841988,1.2642512077
2006-12-01,140,565.492581623,1.1487922705
2006-12-02,125,568.12148011,1.1
2006-12-03,140,570.762004725,1.6
2006-12-04,150,573.413622748,0.7
2006-12-05,100,576.075801457,1.2
2006-12-06,140,578.748008129,1
2006-12-07,130,581.429710043,1.25
2006-12-08,140,584.120374477,1.5
2006-12-09,120,586.819468709,1.2
2006-12-10,140,589.526460017,1.3555555556
2006-12-11,140,592.24081568,1.6444444444
2006-12-12,140,594.962002975,1.8
2006-12-13,150,597.68948918,0.8
2006-12-14,140,600.422741574,0.7
2006-12-15,142.592592593,603.161227435,1.5
2006-12-16,147.407407407,605.904414041,1
2006-12-17,150,608.65176867,1.6
2006-12-18,140,611.402758601,1.5740740741
2006-12-19,140,614.15685111,1.5259259259
2006-12-20,150,616.913513477,1.5
2006-12-21,140,619.67221298,1.75
2006-12-22,165,622.432416896,2
2006-12-23,120,625.193592504,2
2006-12-24,140,627.955207082,2
2006-12-25,130,630.716727908,2.0644736842
2006-12-26,120,633.477622261,2.2
2006-12-27,145,636.237357417,2.5
2006-12-28,140,638.995400656,1
2006-12-29,145,641.751219256,0.5
2006-12-30,140,644.504280494,2.6
2006-12-31,145,647.25405165,2.05
2007-01-01,120,650,1.5
2007-01-02,140,670,2.9
2007-01-03,145,760,4.3
2007-01-04,145,680,3.7037037037
2007-01-05,145,760,2.5962962963
2007-01-06,150,680,2
2007-01-07,100,665.086317136,2.5
2007-01-08,121.053571429,650,1.5
2007-01-09,145,560,2.4
2007-01-10,148,561.970414201,2
2007-01-11,140,567.455621302,1.5
2007-01-12,145,575.816568047,2
2007-01-13,140,586.414201183,1.8
2007-01-14,140,598.609467456,1.8612068966
2007-01-15,140,611.763313609,2
2007-01-16,140,625.236686391,2.5
2007-01-17,120,638.390532544,1.8
2007-01-18,100,650.585798817,1.95
2007-01-19,150,661.183431953,2.1
2007-01-20,150,669.544378698,2
2007-01-21,120,675.029585799,2.5
2007-01-22,140,677,1.2
2007-01-23,140,670,1.099149326
2007-01-24,145,650,1.0273524408
2007-01-25,150,760,1
2007-01-26,150,560,1.5
2007-01-27,140,770,2
2007-01-28,120,738.888888889,1.5
2007-01-29,150,681.111111111,1.4
2007-01-30,140,650,1.5
2007-01-31,140,780,1.8
2007-02-01,140,779.681427365,1.6
2007-02-02,120,778.73722973,1.4
2007-02-03,140,777.1846875,1.5
2007-02-04,140,775.041081081,1.6
2007-02-05,114,772.323690878,1.2
2007-02-06,142,769.049797297,1.5
2007-02-07,140,765.236680743,1.4
2007-02-08,140,760.901621622,1.2296703297
2007-02-09,120,756.061900338,1
2007-02-10,150,750.734797297,0.6
2007-02-11,150,744.937592905,1.2
2007-02-12,140,738.687567568,1.2
2007-02-13,145,732.002001689,1.5
2007-02-14,150,724.898175676,1.2
2007-02-15,120,717.393369932,1.2
2007-02-16,150,709.504864865,1.2
2007-02-17,152,701.249940878,1.2
2007-02-18,140,692.645878378,1
2007-02-19,130,683.70995777,1
2007-02-20,140,674.459459459,2
2007-02-21,160,664.911663851,2
2007-02-22,140,655.083851351,2
2007-02-23,140,644.993302365,2
2007-02-24,130,634.657297297,0.9
2007-02-25,110,624.093116554,1.2
2007-02-26,125,613.318040541,0.8
2007-02-27,140,602.349349662,0.5
2007-02-28,135,591.204324324,1.5
2007-03-01,114.5,579.900244932,0.8
2007-03-02,150,568.454391892,1.2
2007-03-03,140,556.884045608,1.2
2007-03-04,140,545.206486486,1.2
2007-03-05,142.5,533.438994932,1.2
2007-03-06,140,521.598851351,1.4
2007-03-07,140,509.703336149,1.4
2007-03-08,150,497.76972973,1.371336554
2007-03-09,146.875,485.8153125,1.2982286635
2007-03-10,140,473.857364865,1.2
2007-03-11,120,461.91316723,0.7
2007-03-12,140,450,1.5
2007-03-13,165,370,2
2007-03-14,140,450,1.9484797297
2007-03-15,150,320,1.820945946
2007-03-16,150,450,1.6579391892
2007-03-17,155,460,1.5
2007-03-18,145,450,1.3073073073
2007-03-19,145,460,1.0980980981
2007-03-20,145,450,1
2007-03-21,140,340,1
2007-03-22,140,450,1.5
2007-03-23,145,450,1.4
2007-03-24,140,370,1
2007-03-25,120,450,1.2
2007-03-26,150,460,1.6692307692
2007-03-27,140,455,2
2007-03-28,140,450,0.7
2007-03-29,145,450,1
2007-03-30,150,470,2
2007-03-31,140,540,1.3
2007-04-01,140,470,1.5
2007-04-02,170,470,1.15
2007-04-03,140,540,0.8
2007-04-04,140,570,1.1
2007-04-05,140,460,0.7
2007-04-06,140,480,1.4
2007-04-07,140,450,1.6
2007-04-08,140,470,1
2007-04-09,150,540,1.2
2007-04-10,140,540,1
2007-04-11,150,470,2
2007-04-12,145,430,1
2007-04-13,145,540,1.5
2007-04-14,142.5,540,10
2007-04-15,140,460,1
2007-04-16,180,450,1.2
2007-04-17,140,470,1.5
2007-04-18,100,570,1.2
2007-04-19,124,640,1
2007-04-20,140,450,1.5
2007-04-21,140,450,2
2007-04-22,140,450,1.2
2007-04-23,140,450,1.2
2007-04-24,158,460,1
2007-04-25,170,540,1.2
2007-04-26,140,340,1.2
2007-04-27,170,352.740524781,1.2124521739
2007-04-28,145,385.597667638,1.2453565217
2007-04-29,145,430.524781341,1.2920347826
2007-04-30,140,479.475218659,1.3458086957
2007-05-01,178,524.402332362,1.4
2007-05-02,140,557.259475219,1.5
2007-05-03,160,570,1
2007-05-04,180,560,1.4
2007-05-05,150,560,1.2
2007-05-06,170,650,1
2007-05-07,170,460,1
2007-05-08,170,540,1.8
2007-05-09,140,470,1.2
2007-05-10,200,488.148148148,1
2007-05-11,150,521.851851852,1.8
2007-05-12,145,540,1.5
2007-05-13,140,540,1.5
2007-05-14,150,560,1.5
2007-05-15,160,540,1.5
2007-05-16,170,650,1.5
2007-05-17,180,570,1.35
2007-05-18,170,560,1.2
2007-05-19,172.5,460,1.5
2007-05-20,175,450,1
2007-05-21,157.5,570,1.5
2007-05-22,140,510,1.3
2007-05-23,140,540,1.2
2007-05-24,150,560,1.2
2007-05-25,160,650,1.5
2007-05-26,170,540,1.5
2007-05-27,145,460,1.3
2007-05-28,140,570,1.2
2007-05-29,147,430,1.7
2007-05-30,142,460,1.5
2007-05-31,150,560,1.2
2007-06-01,170,557.92,1.5
2007-06-02,147,552.96,1.8
2007-06-03,145,547.04,1.3
2007-06-04,141.9375,542.08,1.3
2007-06-05,140,540,1.8
2007-06-06,157,570,1.8
2007-06-07,155.752,540,1.65
2007-06-08,152.776,560,1.5
2007-06-09,149.224,570,1.7
2007-06-10,146.248,650,1.8
2007-06-11,145,574,2
2007-06-12,185,560,1.6
2007-06-13,185,540,1.4
2007-06-14,185,580,1.227479092
2007-06-15,185,470,1.0692951016
2007-06-16,185,580,1
2007-06-17,170,627.554347826,1.6
2007-06-18,157,650,1.8
2007-06-19,150,569.9,1.7
2007-06-20,157,560,1.6
2007-06-21,170,450,1
2007-06-22,155,450,1.9
2007-06-23,140,460,1.3
2007-06-24,145,460,1.3
2007-06-25,145,455,1
2007-06-26,180,450,0.1
2007-06-27,170.925925926,450,3
2007-06-28,154.074074074,540,1.1
2007-06-29,145,349,1.3
2007-06-30,180,460,0.95
2007-07-01,160,560,0.6
2007-07-02,140,450,0.6
2007-07-03,145,450,0.6
2007-07-04,150,470,1
2007-07-05,155.097560976,460,0.8
2007-07-06,158,460,0.6
2007-07-07,140,470,0.8
2007-07-08,140,458,0.5
2007-07-09,148,460,0.5
2007-07-10,145.925925926,478,1
2007-07-11,142.074074074,478,0.5
2007-07-12,140,478,0.8888888889
2007-07-13,170,430,1.6111111111
2007-07-14,150,367,2
2007-07-15,180,365.555642633,0.6
2007-07-16,148,365,1.5
2007-07-17,129.333333333,365.156769103,0.6
2007-07-18,120,365.584717608,0.8
2007-07-19,142,366.220307309,1
2007-07-20,170,367,0.9
2007-07-21,180,467,0.8
2007-07-22,144,450,1
2007-07-23,180,476,0.6
2007-07-24,100,430,1.5
2007-07-25,140,367,0.6
2007-07-26,140,475,1.2
2007-07-27,150,430,0.5
2007-07-28,156.511437908,457,1
2007-07-29,163.267973856,430,1
2007-07-30,169.632352941,435,1.5
2007-07-31,174.967320261,425,0.8
2007-08-01,178.635620915,356,1
2007-08-02,180,353.120396601,0.7
2007-08-03,176.875,352,1.2
2007-08-04,170,367,0.85
2007-08-05,163.125,434,0.5
2007-08-06,160,354,1.5
2007-08-07,175,435,1.5
2007-08-08,120,435,1.2
2007-08-09,116.414473684,356,1
2007-08-10,115,450,2.2
2007-08-11,127.5,345,1.5
2007-08-12,140,430,1.3
2007-08-13,140,345,1.9
2007-08-14,120,345,2.5
2007-08-15,122.5,345,2.05
2007-08-16,125,356,1.6
2007-08-17,123.5,456,2.5
2007-08-18,122,456,1.2
2007-08-19,150,354,1.8
2007-08-20,145,435,1.9
2007-08-21,145,436,2.4
2007-08-22,145,446.5,2
2007-08-23,145,456,1.4
2007-08-24,145,435,2.7
2007-08-25,145,435,1.9
2007-08-26,150,456,1.5
2007-08-27,170,456,1.9
2007-08-28,166.115627823,435,1.7681818182
2007-08-29,157.786811201,435,1.5
2007-08-30,150,456,1
2007-08-31,145,437,1.2
2007-09-01,140,430,0.8
2007-09-02,140,430,1.2
2007-09-03,140,456,0.9
2007-09-04,140,456,1.4
2007-09-05,150,435,1.3
2007-09-06,180,456,1
2007-09-07,172.222222222,451.23046875,1.5
2007-09-08,157.777777778,438.65625,0.9
2007-09-09,150,420.87890625,1.3
2007-09-10,180,400.5,1.2
2007-09-11,140,380.12109375,1.1
2007-09-12,100,362.34375,1.3
2007-09-13,116.538461538,349.76953125,1.2
2007-09-14,140,345,1.1
2007-09-15,150,435,1.15
2007-09-16,148.4375,345,1.2
2007-09-17,145,435,0.8
2007-09-18,141.5625,435,1.1
2007-09-19,140,321,1
2007-09-20,140,342,0.8193181818
2007-09-21,140,435,0.7
2007-09-22,145,352,1
2007-09-23,150,345,0.9
2007-09-24,180,342,0.8
2007-09-25,150,342,0.8
2007-09-26,180,351.7656,0.8
2007-09-27,170,375.0528,0.8
2007-09-28,164.882897811,402.8472,0.8
2007-09-29,159.893063669,426.1344,0.6
2007-09-30,155.024137617,435.9,0.6339285714
2007-10-01,150.2697597,324,0.7
2007-10-02,145.623569961,324,0.8
2007-10-03,141.079208446,435,1.3
2007-10-04,136.630315198,385,1.1
2007-10-05,132.270530261,335,0.9
2007-10-06,127.993493679,345,1.5
2007-10-07,123.792845497,324,1.2
2007-10-08,119.662225759,435,1.35
2007-10-09,115.595274509,345,1.5
2007-10-10,111.585631791,345,0.7
2007-10-11,107.626937649,345,0.7
2007-10-12,103.712832128,345,0.9
2007-10-13,99.8369552716,345,0.6
2007-10-14,95.9929471236,453,1.2
2007-10-15,92.1744477286,435,0.9
2007-10-16,88.3750971307,435,1.4
2007-10-17,84.588535374,345,0.5
2007-10-18,80.8084025027,435,0.55
2007-10-19,77.0283385609,435,0.6
2007-10-20,73.2419835929,453,0.6
2007-10-21,69.4429776427,456,0.6346475508
2007-10-22,65.6249607546,456,0.713739546
2007-10-23,61.7815729726,435,0.8
2007-10-24,57.906454341,456,0.9
2007-10-25,53.9932449039,453,0.7
2007-10-26,50.0355847055,456,1
2007-10-27,46.0271137899,456,1
2007-10-28,41.9614722013,456,1
2007-10-29,37.8322999839,435,1
2007-10-30,33.6332371817,435,1.2
2007-10-31,29.357923839,456,1.1
2007-11-01,25,456,1.175
2007-11-02,20,457,1.3
2007-11-03,17.6780626781,546,1.4
2007-11-04,15.7834757835,456,1.2
2007-11-05,15,546,1
2007-11-06,24,546,1.0312
2007-11-07,25,453,1.1056
2007-11-08,20,507.949889868,1.1944
2007-11-09,20,564,1.2688
2007-11-10,20,565,1.3
2007-11-11,20,456,0.8
2007-11-12,20,435,1.4
2007-11-13,20,453,1.2
2007-11-14,20,453,1.3
2007-11-15,15,546,1.5875
2007-11-16,15,435,1.8
2007-11-17,15,456,1.6
2007-11-18,15,435,1.7
2007-11-19,22.5,453,1.8806818182
2007-11-20,30,345,2
2007-11-21,22.5,456,1.9706706707
2007-11-22,15,435,1.8968968969
2007-11-23,17.5,456,1.8
2007-11-24,20,453,1.5454954955
2007-11-25,20,456,1.3
2007-11-26,21.8307766722,345,1.2291666667
2007-11-27,26.6362631288,546,1.2
2007-11-28,33.3861940299,546,1.3
2007-11-29,41.0503040354,456,1.4
2007-11-30,48.5983278054,441.178353659,1.2
2007-12-01,55,435,0.5
2007-12-02,60,453,0.9
2007-12-03,80,435,2
2007-12-04,75,435,1.2
2007-12-05,40,459,0.7
2007-12-06,30,456,0.4
2007-12-07,40,456,1.5
2007-12-08,30,564,1.4
2007-12-09,32.5925925926,456,1.4
2007-12-10,37.4074074074,567,1.4
2007-12-11,40,4500,1.2
2007-12-12,20,3450,1.4
2007-12-13,20,4350,1.2
2007-12-14,30,3560,1.5
2007-12-15,40,4350,1.5
2007-12-16,36.875,4350,0.8
2007-12-17,30,4350,0.8644736842
2007-12-18,23.125,3450,1
2007-12-19,20,4350,1.3
2007-12-20,20,4560,1.4982142857
2007-12-21,20,4560,1.6
2007-12-22,15,5640,1.3
2007-12-23,20,4560,1.2
2007-12-24,40,4411.15979381,1.2208
2007-12-25,30,4350,1.2704
2007-12-26,30,4352.79411765,1.3296
2007-12-27,30,4360,1.3792
2007-12-28,40,4560,1.4
2007-12-29,30,4350,0.7
2007-12-30,33.8888888889,4560,1.5
2007-12-31,41.1111111111,4560,1.1
2008-01-01,45,4552.22222222,1.2
2008-01-02,30,4537.77777778,1.2
2008-01-03,30,4530,0.9
2008-01-04,25,4560,1.1
2008-01-05,20,4560,1
2008-01-06,20,4560,1.1
2008-01-07,20,4567,0.8
2008-01-08,20,4560,1.1
2008-01-09,20,4560,1.2
2008-01-10,20,4560,1
2008-01-11,24,4350,1.3
2008-01-12,35,4560,1
2008-01-13,35,5460,1.2
2008-01-14,40,4560,1.3
2008-01-15,34,4680,1.3660714286
2008-01-16,25,5460,1.4
2008-01-17,18.5,5640,0.9
2008-01-18,15,4350,1
2008-01-19,20,5460,1.1
2008-01-20,20,4560,1.2806818182
2008-01-21,20,4560,1.4
2008-01-22,20,5460,0.9
2008-01-23,20,5340,0.6955645161
2008-01-24,30,4560,0.6
2008-01-25,20,5460,1.3
2008-01-26,40,5467,1.3552123552
2008-01-27,40,54360,1.4
2008-01-28,30,5346,1.5
2008-01-29,25,5467,1.8
2008-01-30,25,5437,1
2008-01-31,30,5436,1.05
2008-02-01,30,5460,1.1
2008-02-02,25,4560,0.9
2008-02-03,25.9765625,5460,1
2008-02-04,28.4375,5436,1.1
2008-02-05,31.6796875,5460,0.7
2008-02-06,35,4560,1.1
2008-02-07,40,5467,1.2375
2008-02-08,20,5467,1.3
2008-02-09,22.5925925926,4567,1.25
2008-02-10,27.4074074074,5467,1.2
2008-02-11,30,4567,1.25
2008-02-12,20,4567,1.3
2008-02-13,20,4567,0.5
2008-02-14,20,4567,1.1
2008-02-15,20,5467,1.4
2008-02-16,20,4567,1.5
2008-02-17,20,4567,1.2
2008-02-18,20,4563,1.2
2008-02-19,20,4536,1.2
2008-02-20,22.5,4536,0.6
2008-02-21,25,4536,0.9
2008-02-22,22,4536,0.8
2008-02-23,20,4536,0.7
2008-02-24,20,4536,0.7897321429
2008-02-25,20,4536,1
2008-02-26,20,4536,2
2008-02-27,20,4356,1.5
2008-02-28,25,456,7
2008-02-29,25,456,2
2008-03-01,25,456,2.2
2008-03-02,25.7586618877,456,1.8
2008-03-03,27.6284348865,2869.86083993,2
2008-03-04,30,5460,1.5
2008-03-05,35.6048387097,5630,1
2008-03-06,40,5640,1.1
2008-03-07,40,5460,1.2
2008-03-08,40,4560,1
2008-03-09,40,5460,1
2008-03-10,40,4560,1
2008-03-11,40,420,2
2008-03-12,25,430,2
2008-03-13,20,360,1
2008-03-14,25.1851851852,540,1
2008-03-15,34.8148148148,450,1
2008-03-16,40,540,2
2008-03-17,30,360,1
2008-03-18,20,430,11
2008-03-19,20,430,1
2008-03-20,25,550,0.08
2008-03-21,30,544.460641399,0.8
2008-03-22,20,530.174927114,0.8713157895
2008-03-23,40,510.641399417,0.9
2008-03-24,20,489.358600583,0.85
2008-03-25,20,469.825072886,0.8
2008-03-26,20,455.539358601,0.9
2008-03-27,3,450,1
2008-03-28,6,460,1
2008-03-29,17.4363992172,650,1.1
2008-03-30,30,450,1.2
2008-03-31,35,383.879194631,1.3
2008-04-01,9,354,1.1
2008-04-02,17,430,0.9
2008-04-03,25,430,1.3
2008-04-04,20,460,1.2
2008-04-05,15,430,1.3
2008-04-06,3,360,1
2008-04-07,15,350,1.1
2008-04-08,25,360,0.9
2008-04-09,10,960,1.3
2008-04-10,10,430,0.9
2008-04-11,10,340,1
2008-04-12,10,350,0.7
2008-04-13,21.4583333333,430,0.6505446623
2008-04-14,35,460,0.61416122
2008-04-15,37.7380952381,430,0.6
2008-04-16,40,450,1.1
2008-04-17,45,540,0.8
2008-04-18,45,540,0.9
2008-04-19,35,540,1
2008-04-20,40,450,0.9
2008-04-21,14.5,540,1.1
2008-04-22,18.2697368421,360,2
2008-04-23,25,540,1
2008-04-24,32.8167641326,450,1.0339285714
2008-04-25,41.1306042885,450,1.1
2008-04-26,45,450,1.2
2008-04-27,32.5,450,0.8
2008-04-28,20,450,1.4
2008-04-29,30,460,1.1
2008-04-30,40,540,1
2008-05-01,30,436,0.8
2008-05-02,20,350,1.2
2008-05-03,20,460,0.9
2008-05-04,20,453,1.1
2008-05-05,20,540,1
2008-05-06,20,540,1.3
2008-05-07,15,540,1.4
2008-05-08,15,450,0.6
2008-05-09,20,540,1.1
2008-05-10,30,450,1
2008-05-11,27.84375,450,1.3
2008-05-12,24,540,1.1
2008-05-13,20,450,0.9
2008-05-14,20,450,1
2008-05-15,20,534,1.3
2008-05-16,25,420,1.2
2008-05-17,30,410,1
2008-05-18,20,430,1.2
2008-05-19,20,430,1.1
2008-05-20,30,520,1.2
2008-05-21,20,430,1.4
2008-05-22,25,420,1.2
2008-05-23,20,450,1.5
2008-05-24,30,430,1.6
2008-05-25,30,460,0.9
2008-05-26,20,430,1.4
2008-05-27,25,540,1.2
2008-05-28,30,450,1.4
2008-05-29,30,450,0.9
2008-05-30,20,470,1
2008-05-31,30,430,0.95
2008-06-01,34.6438746439,450,0.9
2008-06-02,38.433048433,430,1
2008-06-03,40,430,1.0928571429
2008-06-04,35,530,1.2
2008-06-05,30,450,1.4
2008-06-06,30,450,1.1
2008-06-07,30,420,0.8
2008-06-08,30,420,1.3
2008-06-09,30,510,1
2008-06-10,40,470,1.5
2008-06-11,4,450,1.1
2008-06-12,40,410,1.0295454546
2008-06-13,25,540,1
2008-06-14,30,420,1.3
2008-06-15,35,420,1.5
2008-06-16,40,410,1.25
2008-06-17,45,430,1
2008-06-18,52.9338235294,430,1.2
2008-06-19,58,530,1
2008-06-20,45,520,1.2
2008-06-21,50,530,1.1
2008-06-22,47.5,520,1
2008-06-23,45,430,1.4
2008-06-24,50,470,1.4
2008-06-25,45,460,1.4
2008-06-26,40,420,1
2008-06-27,40,460,1.2
2008-06-28,40,430,1.3
2008-06-29,40,460,1.4
2008-06-30,55,420,1
2008-07-01,45,430,1
2008-07-02,40,420,1.3
2008-07-03,40,420,1.2740740741
2008-07-04,40,450,1.2259259259
2008-07-05,40,430,1.2
2008-07-06,40,450,1.2
2008-07-07,40,480,1.3
2008-07-08,30,430,1
2008-07-09,30,480,1.5
2008-07-10,30,470,1.2
2008-07-11,45,430,1
2008-07-12,50,430,0.8
2008-07-13,30,470,0.9
2008-07-14,40,480,1.2
2008-07-15,40,460,1
2008-07-16,40,470,0.8
2008-07-17,40,440,0.7
2008-07-18,40,480,1.1
2008-07-19,40,480,1.1
2008-07-20,40,420,1
2008-07-21,40,420,0.9
2008-07-22,40,470,1.1
2008-07-23,40,480,0.9
2008-07-24,35,470,1.1
2008-07-25,45,480,1.5
2008-07-26,40,470,1.2
2008-07-27,35,480,1.1
2008-07-28,40,480,1
2008-07-29,40,480,1.1
2008-07-30,40,470,0.9
2008-07-31,45,470,0.8
2008-08-01,40,420,0.5
2008-08-02,55,430,1.1
2008-08-03,40,410,0.9
2008-08-04,25,420,1.4
2008-08-05,30,430,1.3
2008-08-06,35,410,1.5
2008-08-07,20,480,1
2008-08-08,40,420,1.5
2008-08-09,43.5227272727,730,1.1
2008-08-10,45,650,1.2
2008-08-11,40,740,1
2008-08-12,25,840,1.1
2008-08-13,25.9765625,850,1.4
2008-08-14,28.4375,730,1.3
2008-08-15,31.6796875,7400,0.9085526316
2008-08-16,35,750,0.6
2008-08-17,40,740,1.1
2008-08-18,40,870,1.1
2008-08-19,30,750,1.3
2008-08-20,40,890,1.4
2008-08-21,40,840,0.9
2008-08-22,30,850,1.5
2008-08-23,45,740,1.5
2008-08-24,45,750,1
2008-08-25,39.0340909091,756.607142857,0.9
2008-08-26,30,760,2
2008-08-27,25,740,1.6
2008-08-28,40,750,1
2008-08-29,30,830,1.2
2008-08-30,30,841.590909091,1.4
2008-08-31,30,850,1.2
2008-09-01,30,860,0.9
2008-09-02,30,750,1.3
2008-09-03,35,760,1.4375
2008-09-04,40,790,1.5
2008-09-05,40,750,1.3
2008-09-06,40,850,1.2
2008-09-07,40,830,1.6
2008-09-08,40,760,1.2
2008-09-09,35,760,1.2
2008-09-10,40,860,1.1
2008-09-11,40,25,1.35
2008-09-12,40,64,1.6
2008-09-13,40,46,1.2
2008-09-14,37.5,34,1.2
2008-09-15,35,43,1.1
2008-09-16,36.875,54,1
2008-09-17,40,34,1.4
2008-09-18,42.2045454545,32,1.4
2008-09-19,45,36,1.4
2008-09-20,54,28,1.2
2008-09-21,50,34,1
2008-09-22,30,43,1
2008-09-23,33.3928571429,32,0.9
2008-09-24,40,38,0.7
2008-09-25,50,36,0.8825
2008-09-26,45,45,1.2
2008-09-27,41.6964285714,45,1.5
2008-09-28,40,42,1.3
2008-09-29,40,37,0.9
2008-09-30,40,47,0.8
2008-10-01,45,42,0.8
2008-10-02,45,43,1.2
2008-10-03,45,43,1.5
2008-10-04,45,48,1
2008-10-05,45,43,1.3
2008-10-06,45,36.1835106383,1.3
2008-10-07,50,32,1.2
2008-10-08,35,47,1.6
2008-10-09,40,24,2
2008-10-10,45,49,1.4
2008-10-11,40,46,0.9
2008-10-12,41.2962962963,48,1.5
2008-10-13,43.7037037037,48,1
2008-10-14,45,42,1
2008-10-15,40,45,1
2008-10-16,50,43,0.9
2008-10-17,45,43,0.8
2008-10-18,40,48,0.9
2008-10-19,65,45,1.3
2008-10-20,25,42,1
2008-10-21,45,48,1.1
2008-10-22,45,46,0.7
2008-10-23,30,48,0.8
2008-10-24,40,48,1.1
2008-10-25,45,45,1.2
2008-10-26,40,48,1.1
2008-10-27,40,48,1.2
2008-10-28,40,47,0.6
2008-10-29,46,47,1.3
2008-10-30,40,43,1.2
2008-10-31,30,49,1.075
2008-11-01,40,48,1
2008-11-02,40,47,1.3
2008-11-03,40,48,1.1
2008-11-04,40,47,0.8
2008-11-05,40,48,1.1
2008-11-06,40,46,1
2008-11-07,40,37,0.9
2008-11-08,40,46,1
2008-11-09,40,43,1.1
2008-11-10,40,47,1.1
2008-11-11,40,48,1.3
2008-11-12,40,37,1
2008-11-13,40,38,1.05
2008-11-14,40,37,1.1
2008-11-15,40,37,0.9
2008-11-16,42.5,42,0.7
2008-11-17,45,37,1.3
2008-11-18,45,38,1
2008-11-19,45,42,1
2008-11-20,40,43,0.6
2008-11-21,40,43,0.7
2008-11-22,45,38,0.9
2008-11-23,40,38,1.4
2008-11-24,45,38,1.1
2008-11-25,50,34,0.8
2008-11-26,45,37,1.4
2008-11-27,45,41,1
2008-11-28,50,42,0.9
2008-11-29,50,42,1.2
2008-11-30,45,37,1.2
2008-12-01,40,38,0.9
2008-12-02,50,43,0.6
2008-12-03,50,42,1
2008-12-04,60,42,0.5
2008-12-05,55,41,1.2
2008-12-06,40,40,1
2008-12-07,50,36,0.9
2008-12-08,45,43,0.8
2008-12-09,60,38,1.2
2008-12-10,50,42,1.4
2008-12-11,60,42.0661330412,0.9
2008-12-12,60,42.1263705618,1.3
2008-12-13,55,42.1813014828,1.1
2008-12-14,56,42.2315147253,1
2008-12-15,58.3461538462,42.2775992103,1
2008-12-16,60,42.3201438587,1
2008-12-17,50,42.3597375916,1.3
2008-12-18,60,42.3969693299,0.9
2008-12-19,40,42.4324279947,1.3
2008-12-20,55,42.466702507,1.4
2008-12-21,55,42.5003817877,1.3
2008-12-22,65,42.5340547578,1.1
2008-12-23,60,42.5683103385,1.1
2008-12-24,45,42.6037374506,1.2
2008-12-25,50,42.6409250151,0.7
2008-12-26,45.8,42.6804619531,1.3
2008-12-27,45,42.7229371856,1.3
2008-12-28,40,42.7689396335,1
2008-12-29,55,42.819058218,1.3
2008-12-30,60,42.8738818598,1.3
2008-12-31,80,42.9339994802,1.4
2009-01-01,60,43,1.2444444444
2009-01-02,60,46,0.9555555556
2009-01-03,60,47,0.8
2009-01-04,50,47,1.1
2009-01-05,56,38,0.7
2009-01-06,50,42,0.9
2009-01-07,55,45,0.6
2009-01-08,65,47,0.9
2009-01-09,65,48,0.8
2009-01-10,65,48,1.1
2009-01-11,60,43,1
2009-01-12,50,42,0.5
2009-01-13,80,47,0.5
2009-01-14,76.8660968661,43,0.5
2009-01-15,69.2877492877,48,0.6
2009-01-16,60,43,0.5
2009-01-17,40,46,0.6
2009-01-18,35,45,0.5
2009-01-19,38.3928571429,43,0.5
2009-01-20,45,47,0.7
2009-01-21,55,48,0.8
2009-01-22,60,47,0.75
2009-01-23,40,43,0.7
2009-01-24,45,46,0.7
2009-01-25,40,42,0.6
2009-01-26,40,38,0.5
2009-01-27,40,42,0.6
2009-01-28,40,47,0.7
2009-01-29,40,47,0.6
2009-01-30,50,43,0.8
2009-01-31,40,47,0.86875
2009-02-01,45,46,0.9
2009-02-02,50,48,0.7
2009-02-03,40,48,0.6
2009-02-04,40,47,0.4
2009-02-05,41.5073529412,47,0.5653846154
2009-02-06,45,46,0.8
2009-02-07,60,42,0.9
2009-02-08,50,46,0.825
2009-02-09,60,47,0.7
2009-02-10,60,48,0.6
2009-02-11,50,47,0.8
2009-02-12,40,48,0.5
2009-02-13,45,47,0.8
2009-02-14,50,48,0.8
2009-02-15,55,48,0.5
2009-02-16,50,48,0.7
2009-02-17,45,46,0.9
2009-02-18,50,43,0.8
2009-02-19,59.0340909091,47,0.8
2009-02-20,65,48,0.8
2009-02-21,40,45,0.8
2009-02-22,47.5,48,0.6
2009-02-23,55,43,0.7
2009-02-24,55,48,0.8
2009-02-25,60,48,0.4
2009-02-26,50,47,0.4
2009-02-27,60,43,0.5
2009-02-28,55.6048387097,48,0.7
2009-03-01,50,48,0.7
2009-03-02,47.6284348865,48,0.5
2009-03-03,45.7586618877,48,0.8
2009-03-04,45,46,0.6
2009-03-05,45,47,0.5
2009-03-06,65,38,0.9
2009-03-07,70,43,0.7
2009-03-08,45,46,0.6
2009-03-09,50,470,1.1
2009-03-10,40,49,0.7
2009-03-11,47.5,48,0.7259259259
2009-03-12,60,48,0.7740740741
2009-03-13,70,46,0.8
2009-03-14,40,48,0.8
2009-03-15,10,46,1
2009-03-16,20,48,0.8
2009-03-17,12,43,0.6
2009-03-18,25,43,0.5
2009-03-19,20,47,0.6
2009-03-20,23,48,0.7
2009-03-21,20,48,0.9
2009-03-22,20,47,0.7
2009-03-23,20,46,0.5
2009-03-24,25,46,1
2009-03-25,22,47,0.8
2009-03-26,20,48,0.5
2009-03-27,20,43,1
2009-03-28,20,48,0.8
2009-03-29,20,49,1
2009-03-30,20,48,0.7
2009-03-31,22,42,1.1
2009-04-01,30,42,1.1
2009-04-02,20,42,1.1
2009-04-03,22,42,1.1
2009-04-04,27,47,1.1
2009-04-05,30,49,1.5
2009-04-06,32,47,1.2
2009-04-07,32,47,1.5
2009-04-08,30,47,1
2009-04-09,27,43,1.1
2009-04-10,21,49,1.2
2009-04-11,20,48,0.7
2009-04-12,20,47,1.3
2009-04-13,20,39,0.8
2009-04-14,20,45,0.8644736842
2009-04-15,20,46,1
2009-04-16,20,32,1.3
2009-04-17,20,26,1.4
2009-04-18,21,47,1.2
2009-04-19,21.5,48,0.9
2009-04-20,22.1,46,0.9
2009-04-21,20,47,1.2
2009-04-22,31,49,1
2009-04-23,31.5,45,1
2009-04-24,20,48,1
2009-04-25,27,48,1.1
2009-04-26,32,38,1.0972435728
2009-04-27,30,46,1.089451365
2009-04-28,17,42,1.0773389875
2009-04-29,20,47,1.0616220514
2009-04-30,30,43,1.0430161675
2009-05-01,20,46,1.0222369467
2009-05-02,20,37,1
2009-05-03,21.5,43,0.9121212121
2009-05-04,30,46,0.7727272727
2009-05-05,20,47,0.7
2009-05-06,30,48,1.2
2009-05-07,27,32,1.1
2009-05-08,31,38,1
2009-05-09,20,46,1.2
2009-05-10,30,42,1.1
2009-05-11,27,43,1.4
2009-05-12,20,42,0.9
2009-05-13,20,36,1
2009-05-14,20,43,0.9222222222
2009-05-15,20,46,0.7777777778
2009-05-16,20,38,0.7
2009-05-17,22.5,37,1
2009-05-18,25,32,1.3
2009-05-19,20,45,1.2
2009-05-20,22,46,1.113739546
2009-05-21,21,36,1.0346475508
2009-05-22,25,45,1
2009-05-23,20,46,1.5
2009-05-24,25,35,1.4698529412
2009-05-25,17,36,1.4
2009-05-26,20,43,1.1
2009-05-27,21,42,1.3
2009-05-28,25,46,1
2009-05-29,21,36,1.6
2009-05-30,21.5,38,1.8
2009-05-31,20,45,1.6
2009-06-01,20,42,1.2
2009-06-02,17,46,1.1
2009-06-03,17.5,38,1
2009-06-04,20,41.5,1
2009-06-05,21,45,1.5
2009-06-06,25,37,1.3
2009-06-07,21,36,0.8
2009-06-08,20.5,36,1
2009-06-09,30,38,0.7
2009-06-10,25,38,0.7
2009-06-11,22.5,36,1.1
2009-06-12,19.5,43,1.3
2009-06-13,21,38,1
2009-06-14,25,39,0.9
2009-06-15,22.725,38,0.6
2009-06-16,20,37,0.7
2009-06-17,19.5,38,0.8
2009-06-18,21,37,0.5
2009-06-19,21,37,1
2009-06-20,26,37,1.4
2009-06-21,25,36,1.1
2009-06-22,27,38,0.6
2009-06-23,22.5,36,0.8
2009-06-24,21.5,35,0.5
2009-06-25,21,36,0.7
2009-06-26,21,35,1.2
2009-06-27,21,43,1.3
2009-06-28,21.5,37,0.7
2009-06-29,21.5,35,0.9
2009-06-30,22.5,46,0.5
2009-07-01,21.5,38,0.7
2009-07-02,18.5,38,0.4
2009-07-03,20,37.25,0.4
2009-07-04,21,36,0.8
2009-07-05,20.6,35,0.9
2009-07-06,19,37,0.8222222222
2009-07-07,20.1,36,0.6777777778
2009-07-08,21.5,37,0.6
2009-07-09,20.5,32,0.6
2009-07-10,21.5,38,1.3
2009-07-11,20,37,0.6
2009-07-12,20,38,0.9
2009-07-13,21.5,38,0.6
2009-07-14,20,38,0.3
2009-07-15,19,38,0.4
2009-07-16,19.3616847826,32,0.4
2009-07-17,20.1,39,0.4
2009-07-18,21.5,35,0.6
2009-07-19,20,36,0.8
2009-07-20,21,36,1.1
2009-07-21,20,32,0.6
2009-07-22,21,38,1.1
2009-07-23,21.5,37,1.2
2009-07-24,21,28,1.3
2009-07-25,21,37,1.2355263158
2009-07-26,20.8,36,1.1
2009-07-27,20,38,0.8
2009-07-28,10.5,37,0.7
2009-07-29,20.5,32,1.1
2009-07-30,20,36,0.5
2009-07-31,20,37,0.8
2009-08-01,21.9,38,0.9
2009-08-02,19.5,38,0.986260454
2009-08-03,20,35,1.0653524492
2009-08-04,18,43,1.1
2009-08-05,20.6,38,1.1
2009-08-06,21,37,0.6
2009-08-07,20,38,0.9
2009-08-08,18,45,1.4
2009-08-09,18,46,0.8
2009-08-10,22,46,0.7
2009-08-11,20,48,0.6339285714
2009-08-12,20.5,38,0.6
2009-08-13,22,43,0.7
2009-08-14,25,46,1
2009-08-15,25,43,1.2
2009-08-16,22,49,1.4
2009-08-17,23,47,1.2
2009-08-18,24,47,0.9
2009-08-19,22,47,1.3
2009-08-20,24,47,1.2
2009-08-21,26,46,1.1
2009-08-22,20,43,1.1
2009-08-23,22,46,1.2
2009-08-24,20,46,1.3
2009-08-25,20,38,1.3
2009-08-26,20,28,1.3
2009-08-27,22,37,0.9
2009-08-28,22,37,0.7
2009-08-29,20,46,0.7
2009-08-30,24,43,0.7
2009-08-31,25,37,0.8
2009-09-01,25,38,0.9
2009-09-02,24,33,0.6
2009-09-03,25,37,0.6
2009-09-04,25,46,0.9
2009-09-05,20,43,0.9
2009-09-06,23,45,1.2
2009-09-07,28,37,1
2009-09-08,18,43,0.7
2009-09-09,18,46,0.9
2009-09-10,22,47,0.8
2009-09-11,20,47,1.4
2009-09-12,20,46,0.7
2009-09-13,18,47,0.8
2009-09-14,20,43,1
2009-09-15,18,39,1.1
2009-09-16,17,43,1
2009-09-17,17,46,0.8
2009-09-18,17,47,1.1
2009-09-19,17,46,0.9
2009-09-20,17,42,1.3
2009-09-21,18,48,0.9
2009-09-22,20,39,1
2009-09-23,24,48,0.7
2009-09-24,17,42,1
2009-09-25,16,43,0.8
2009-09-26,20,47,0.9
2009-09-27,22,43,1.1
2009-09-28,18,46,1.2921875
2009-09-29,20,42,1.4
2009-09-30,20,47,1.3
2009-10-01,18,35,0.8
2009-10-02,22,30,0.7
2009-10-03,22,32,0.6
2009-10-04,20,35,0.7
2009-10-05,26,38,1.3
2009-10-06,18,32,1.2494485294
2009-10-07,29,32,1.1235294118
2009-10-08,28.7529834561,33,0.9608455882
2009-10-09,28.0675408616,36,0.8
2009-10-10,27.0270827728,37,0.6
2009-10-11,25.7150197458,38,0.7
2009-10-12,24.2147623365,37.5,0.68583878
2009-10-13,22.6097211012,37,0.6494553377
2009-10-14,20.983306596,39,0.6
2009-10-15,19.4189293769,35,0.3
2009-10-16,18,38,0.4
2009-10-17,16.1703995157,38.6985294118,0.5
2009-10-18,15,39,0.4
2009-10-19,17,37,0.3339285714
2009-10-20,15,47,0.3
2009-10-21,25,37,0.8
2009-10-22,18,37,0.5
2009-10-23,18,34,0.8
2009-10-24,20,36,1
2009-10-25,18,37,0.8
2009-10-26,20,34,1.8
2009-10-27,18,34,0.7
2009-10-28,20,34,1
2009-10-29,22,38,0.9
2009-10-30,20,35,0.6
2009-10-31,18,35,1.1
2009-11-01,20,32,0.7
2009-11-02,22,32,0.6
2009-11-03,24,34,0.9
2009-11-04,20,39,0.9
2009-11-05,20,39,0.95
2009-11-06,15,32,1
2009-11-07,22,37,0.6
2009-11-08,15,46,1
2009-11-09,30,38,1.1
2009-11-10,15,35,0.7
2009-11-11,25,46,0.9
2009-11-12,20,37,0.75
2009-11-13,18,39,0.6
2009-11-14,22,35,1.3
2009-11-15,12,39,1
2009-11-16,15,38.5,0.5
2009-11-17,18,38,0.7
2009-11-18,18,39,0.4
2009-11-19,18,38,0.3
2009-11-20,20,37,0.6
2009-11-21,20,37,0.5
2009-11-22,20,38,0.6
2009-11-23,20,38,0.6
2009-11-24,20,38,0.4
2009-11-25,20,37,0.3
2009-11-26,20,43,0.3
2009-11-27,20,39,0.6
2009-11-28,20,38,0.5
2009-11-29,20,39,0.4
2009-11-30,20,38,0.5
2009-12-01,20,4.7,0.3
2009-12-02,33,4.8,0.6
2009-12-03,20,4.7,0.5
2009-12-04,21,4.8,0.7
2009-12-05,22,4.5,0.5
2009-12-06,22,3.8,0.4
2009-12-07,22,3.8,1.1
2009-12-08,21.3879310345,3.8,0.6
2009-12-09,20,4.05,0.9
2009-12-10,15,4.3,0.8
2009-12-11,22,4.3,0.7
2009-12-12,22,4.5,0.7
2009-12-13,20,4.6,0.8
2009-12-14,20,3.9,0.5
2009-12-15,22,3.8,0.9
2009-12-16,20.1851851852,3.6,0.6
2009-12-17,16.8148148148,3.6,0.5
2009-12-18,15,3.4,0.8
2009-12-19,20,3.7,0.9
2009-12-20,15,4.3,0.7
2009-12-21,22,3.8,1.1
2009-12-22,12.5,3.6,0.8
2009-12-23,22,3.8,0.4
2009-12-24,22,3.7,0.5037037037
2009-12-25,22,3.825,0.6962962963
2009-12-26,22,4.1,0.8
2009-12-27,22,4.375,0.4
2009-12-28,20,4.5,0.6
2009-12-29,20,3.7,0.7
2009-12-30,22,3.7,0.7
2009-12-31,20,3.2,0.4
2010-01-01,22,3.7,0.7
2010-01-02,30,3.8,0.6
2010-01-03,18,3.4,0.5
2010-01-04,20,3.7,0.7
2010-01-05,22,3.4,0.4
2010-01-06,22,12,0.8
2010-01-07,22,11,0.75
2010-01-08,22,12,0.7
2010-01-09,20,12,0.9
2010-01-10,20,10,0.6
2010-01-11,20,10,0.5
2010-01-12,20,12,0.7
2010-01-13,25,13,0.7
2010-01-14,23.5,14,0.85
2010-01-15,22,14,1
2010-01-16,25,14,0.7
2010-01-17,25,15,1.2
2010-01-18,25,12,0.9
2010-01-19,30,14,1.7
2010-01-20,22,13,0.8
2010-01-21,22,11,1.05
2010-01-22,25,9,1.3
2010-01-23,25,11,1.2
2010-01-24,30,23,1
2010-01-25,30,18,0.9
2010-01-26,22,18,1.08
2010-01-27,22,16,1.3
2010-01-28,25,17,1.37
2010-01-29,23,15,1.4
2010-01-30,24,5,0.8
2010-01-31,25,14,1.3
2010-02-01,22,15,0.7
2010-02-02,30,15,1.4
2010-02-03,30,17,1.2
2010-02-04,30,16,1.0078125
2010-02-05,20,15,0.9
2010-02-06,20,14.3392857143,1.5
2010-02-07,25,14,0.8
2010-02-08,26,18,0.7
2010-02-09,22,16,1.1
2010-02-10,18,16,1.2
2010-02-11,22,14,0.5
2010-02-12,22,15,0.6
2010-02-13,20.6428571429,17,0.9
2010-02-14,18,15,0.9
2010-02-15,14,21,1.4
2010-02-16,25,21,0.5
2010-02-17,22,17,0.8
2010-02-18,22,21,0.7
2010-02-19,23,14,0.5
2010-02-20,24,16,0.9
2010-02-21,33,15,0.4
2010-02-22,20,17,0.55
2010-02-23,22,17,0.7
2010-02-24,27,17,0.4
2010-02-25,22,15,0.4
2010-02-26,27,14,0.3
2010-02-27,22,19,0.7
2010-02-28,20,19,0.4
2010-03-01,25,18,0.7
2010-03-02,18,19,1
2010-03-03,18,15,1
2010-03-04,21,19,0.5
2010-03-05,18,17,0.8
2010-03-06,28,15,0.8
2010-03-07,30,23,0.4
2010-03-08,30,25,0.8
2010-03-09,25,23,0.8
2010-03-10,20,27,1.1
2010-03-11,24,24,0.6
2010-03-12,22,24,1
2010-03-13,30,23,1.2
2010-03-14,22,26,0.7
2010-03-15,27.5,25,0.9
2010-03-16,33,26,0.5
2010-03-17,20,25,1.1
2010-03-18,33,24,0.4
2010-03-19,22,25,0.7
2010-03-20,22,28,0.9
2010-03-21,33,28,0.7
2010-03-22,22,29,1
2010-03-23,33,24,1.3175
2010-03-24,25,26,1.5
2010-03-25,30,26,1
2010-03-26,27,26,1
2010-03-27,29,26,1.8
2010-03-28,24,28,1
2010-03-29,22,25,1.2
2010-03-30,22,28,0.8
2010-03-31,20,26,1.4
2010-04-01,20,23,0.8
2010-04-02,20,27,1.5
2010-04-03,30,27,1.6115736166
2010-04-04,33,24,1.719812253
2010-04-05,30,25,1.8211585968
2010-04-06,30,24,1.912055336
2010-04-07,20,24,1.9889451581
2010-04-08,20,25,2.048270751
2010-04-09,30,25,2.0864748024
2010-04-10,45,24,2.1
2010-04-11,30,22,1.5
2010-04-12,40,24.5,1.2
2010-04-13,40,27,0.8
2010-04-14,37.1875,23,0.9017857143
2010-04-15,31,25,1.1
2010-04-16,24.8125,26,1.4
2010-04-17,22,25,2
2010-04-18,24,24,1.1
2010-04-19,32,24,1.7
2010-04-20,23,25,1.7
2010-04-21,27,26,1
2010-04-22,36,25,0.8
2010-04-23,24,26,1.7
2010-04-24,40,25,1.1
2010-04-25,40,26,1.4
2010-04-26,40,23,1.1
2010-04-27,40,24.5,1.45
2010-04-28,40,26,1.8
2010-04-29,40,25,0.7
2010-04-30,40,26,1.2
2010-05-01,30,24,1.8
2010-05-02,45,25,2
2010-05-03,41,26,1.7
2010-05-04,30,25,2
2010-05-05,28,24,2.3
2010-05-06,30,25,2.1
2010-05-07,30,26,1.9
2010-05-08,35,23,2.4
2010-05-09,40,26,1
2010-05-10,40,24,2.5
2010-05-11,44,25,3
2010-05-12,40,26,1.7
2010-05-13,30,24,1.4
2010-05-14,30,25,2.6
2010-05-15,35,24,2.4
2010-05-16,40,25,2.1424825175
2010-05-17,33,25,1.8
2010-05-18,35,25,1
2010-05-19,30,24,2
2010-05-20,32,25,1.7
2010-05-21,22,27,1.4
2010-05-22,20,24,1.9
2010-05-23,30,25,2.3509615385
2010-05-24,20,25,2.6
2010-05-25,15,24,2
2010-05-26,22,25,1.3
2010-05-27,22,24,1.1
2010-05-28,22,25,1.6
2010-05-29,22,24,2.1
2010-05-30,30,25,2.2
2010-05-31,30,25,1.8
2010-06-01,35,25,1.5
2010-06-02,35,25,1.4
2010-06-03,35,15,0.8
2010-06-04,30,25,1.25
2010-06-05,35,28,1.7
2010-06-06,22,24,1.1
2010-06-07,35,25,1.4
2010-06-08,35,25,2
2010-06-09,33,26,1.3
2010-06-10,25,25,1.1
2010-06-11,33,26,1.2
2010-06-12,30,25,1.2396375099
2010-06-13,22,24,1.2717100079
2010-06-14,30,24,1.3
2010-06-15,33.4,26,1.3282899921
2010-06-16,35,24,1.3603624902
2010-06-17,22,25,1.4
2010-06-18,32,26,1.5
2010-06-19,23,25,1.5
2010-06-20,30,26,1.7
2010-06-21,30,23,1.3
2010-06-22,30,23,0.9
2010-06-23,24,26,1.8
2010-06-24,30,25,1.7222222222
2010-06-25,30.119079686,25,1.5777777778
2010-06-26,30.2379221972,25,1.5
2010-06-27,30.3563665219,25,1.7
2010-06-28,30.4742516485,25,1.4
2010-06-29,30.5914165654,25,1.3
2010-06-30,30.7077002609,29,1.6
2010-07-01,30.8229417234,26,1.5931412894
2010-07-02,30.9369799413,23,1.5747599451
2010-07-03,31.0496539029,25,1.5481481482
2010-07-04,31.1608025966,24,1.5165980796
2010-07-05,31.2702650108,24,1.4834019204
2010-07-06,31.3778801337,24,1.4518518519
2010-07-07,31.4834869538,24,1.4252400549
2010-07-08,31.5869244595,26,1.4068587106
2010-07-09,31.688031639,26,1.4
2010-07-10,31.7866474809,25,1.6
2010-07-11,31.8826109733,25,1.4
2010-07-12,31.9757611048,24,1.7
2010-07-13,32.0659368635,25,1.4148148148
2010-07-14,32.152977238,25,0.8851851852
2010-07-15,32.2367212166,23,0.6
2010-07-16,32.3170077876,24,1
2010-07-17,32.3936759395,25,0.8
2010-07-18,32.4665646605,25,1.4
2010-07-19,32.535512939,25,1.1
2010-07-20,32.6003597634,25,1.5
2010-07-21,32.6609441221,24,1.15
2010-07-22,32.7171050033,25,0.8
2010-07-23,32.7686813956,24,1.3
2010-07-24,32.8155122872,25,1.6
2010-07-25,32.8574366665,24,1.2
2010-07-26,32.8942935219,24,1.1
2010-07-27,32.9259218417,23,1.4
2010-07-28,32.9521606143,23,1.1
2010-07-29,32.9728488281,24,0.8
2010-07-30,32.9878254714,24,1.4
2010-07-31,32.9969295326,25,1.4
2010-08-01,33,25,0.7
2010-08-02,30,25,2.1
2010-08-03,33,25,1.1
2010-08-04,33,25,1.1
2010-08-05,32,26,1.2
2010-08-06,36,25,1.6
2010-08-07,20,25,1.4
2010-08-08,36,26,1.8
2010-08-09,45,25,1.7
2010-08-10,40,27,1.1
2010-08-11,35,26,1.8
2010-08-12,45,27,1.1
2010-08-13,35,27,1.7
2010-08-14,40,26,1.4
2010-08-15,24,24.75,1.8
2010-08-16,30,24,2.2
2010-08-17,30,24,1.7
2010-08-18,30,26,1.9
2010-08-19,24,25,1.4
2010-08-20,30,24,1.9
2010-08-21,25,25,1.3
2010-08-22,24.5878876992,25,1.1
2010-08-23,24.1841136099,25,1.7
2010-08-24,23.7951906634,25,0.95
2010-08-25,23.4276317912,24,0.2
2010-08-26,23.0879499246,25,1.1
2010-08-27,22.782657995,25,1.6
2010-08-28,22.5182689338,24,1.7
2010-08-29,22.3012956723,25,1.5
2010-08-30,22.138251142,28,2
2010-08-31,22.0356482741,25,1.5
2010-09-01,22,24,0.8
2010-09-02,30,25,1.2
2010-09-03,32,25,1
2010-09-04,23,39,0.7
2010-09-05,40,26,1
2010-09-06,33,25,1.3
2010-09-07,35,25,1
2010-09-08,26,26,1.1
2010-09-09,35,26,0.6
2010-09-10,32,26,0.8
2010-09-11,36,27,1.10625
2010-09-12,26,27,1.3
2010-09-13,36,26,0.6
2010-09-14,22,25,1.1
2010-09-15,30,26,0.5
2010-09-16,22,25,0.4
2010-09-17,26.7265625,25,0.9
2010-09-18,33,25,0.8
2010-09-19,35,24,0.4
2010-09-20,30,24,0.6
2010-09-21,35,25,0.6
2010-09-22,30,25,0.3
2010-09-23,32,23,0.4193181818
2010-09-24,32,23,0.6
2010-09-25,32,24,0.7
2010-09-26,28.5,23,0.5
2010-09-27,25,25,0.5
2010-09-28,25.15625,25,0.9
2010-09-29,25.5,25,1.4
2010-09-30,25.84375,24,0.6
2010-10-01,26,25,0.7
2010-10-02,26,25,0.6
2010-10-03,26,27,0.8
2010-10-04,20,26,0.7
2010-10-05,22,25,0.9
2010-10-06,27,23,1
2010-10-07,26,24,0.7
2010-10-08,26,25,0.6
2010-10-09,33,25,0.6
2010-10-10,33,25,0.7
2010-10-11,24,24,1
2010-10-12,26,23,0.7
2010-10-13,32,25,0.7
2010-10-14,30,25,0.3
2010-10-15,25,25,0.7
2010-10-16,26,25,0.5
2010-10-17,25.5,25,0.5
2010-10-18,25,25,0.5
2010-10-19,26,25,0.7
2010-10-20,30,23,0.7
2010-10-21,35,24,0.4
2010-10-22,30,25,0.55
2010-10-23,26,24,0.7
2010-10-24,26,8,0.6977258134
2010-10-25,26,25,0.6913099315
2010-10-26,15,25,0.6813623716
2010-10-27,25,25,0.6684931507
2010-10-28,25,25,0.653312286
2010-10-29,35,25,0.6364297945
2010-10-30,32.5,25,0.6184556935
2010-10-31,30,25,0.6
2010-11-01,25,27,0.5
2010-11-02,26,26,0.9
2010-11-03,29,28,1.1
2010-11-04,30,26,0.8
2010-11-05,30,25,0.7
2010-11-06,26,25,0.6
2010-11-07,26,27,0.7825
2010-11-08,30,25,1.1
2010-11-09,26,25,1.4
2010-11-10,30,25,0.7
2010-11-11,23,25,0.6
2010-11-12,23,26,1.1
2010-11-13,23,25,0.9
2010-11-14,33,25,0.8
2010-11-15,22,25,0.4
2010-11-16,22.104,25,0.7
2010-11-17,22.352,25,0.5
2010-11-18,22.648,25,1.1
2010-11-19,22.896,25,1.2
2010-11-20,23,25,1
2010-11-21,23,25,0.4
2010-11-22,23,22,0.3
2010-11-23,30,24,0.4
2010-11-24,23,25,0.5
2010-11-25,25,23,0.5
2010-11-26,23,25,0.8
2010-11-27,24.352,25,0.3
2010-11-28,27.576,25,0.2
2010-11-29,31.424,25,0.5
2010-11-30,34.648,25,0.4
2010-12-01,36,26,0.2
2010-12-02,30,26,0.6
2010-12-03,30,25,0.7
2010-12-04,26,25,0.4
2010-12-05,36,26,0.2
2010-12-06,25,25,0.5
2010-12-07,36,27,0.7
2010-12-08,36,25,0.2
2010-12-09,30,26,0.1
2010-12-10,32,24,0.3
2010-12-11,26,25,0.6
2010-12-12,26,25,0.3
2010-12-13,22,25,0.4
2010-12-14,20,25,0.2
2010-12-15,36,25,0.1
2010-12-16,29.5789473684,26,0.35
2010-12-17,20,25,0.6
2010-12-18,15,25,0.6
2010-12-19,15,27,0.3
2010-12-20,15,26,0.1
2010-12-21,12,26,0.6
2010-12-22,12,27,0.4
2010-12-23,15,27,0.2078125
2010-12-24,12,26,0.1
2010-12-25,12.2578125,26,0.1
2010-12-26,12.9375,25,0.1
2010-12-27,13.8984375,26,0.1
2010-12-28,15,26,0.2
2010-12-29,16.1015625,26,0.7
2010-12-30,17.0625,26,0.3
2010-12-31,17.7421875,26,0.8
2011-01-01,18,25,1
2011-01-02,12,26,1.2
2011-01-03,15,26,1.1
2011-01-04,20,26,0.8
2011-01-05,18,25,0.7
2011-01-06,12,25,0.3
2011-01-07,20,26,0.8
2011-01-08,15,25,1.3
2011-01-09,15,25,0.3
2011-01-10,15,25,0.5
2011-01-11,16,26,0.1
2011-01-12,16,25,0.4
2011-01-13,16,26,0.9964285714
2011-01-14,18.3625,26,1.4
2011-01-15,23,25,1.3
2011-01-16,30.6375,24,1
2011-01-17,36,25,1.6
2011-01-18,16,25,1.8
2011-01-19,18,25,1
2011-01-20,17,25,0.3
2011-01-21,20,26,0.7
2011-01-22,15,25,0.6
2011-01-23,17,25,0.8
2011-01-24,18,25,0.5
2011-01-25,19.0065091547,25,1
2011-01-26,20.1307233159,25,0.75
2011-01-27,21.3095953096,25,0.5
2011-01-28,22.4800779616,25,3.3
2011-01-29,23.5791240976,26,3
2011-01-30,24.5436865437,25,1.1
2011-01-31,25.3107181255,25,2
2011-02-01,25.817171669,26,9
2011-02-02,26,25,2.5
2011-02-03,26,25,1
2011-02-04,26,25,2.7
2011-02-05,36,25,4.479787234
2011-02-06,24,25,5.5
2011-02-07,20,26,2.7
2011-02-08,20,25,2.0072672972
2011-02-09,26,25,1.5
2011-02-10,36,25,1
2011-02-11,25,29,1.004811197
2011-02-12,26,25,1.0185449774
2011-02-13,25.861952862,25,1.0401516256
2011-02-14,25.5016835017,25,1.0685814259
2011-02-15,25,26,1.1027846625
2011-02-16,20,25,1.1417116198
2011-02-17,36,25,1.184312582
2011-02-18,20,25,1.2295378335
2011-02-19,24,25,1.2763376586
2011-02-20,25,25,1.3236623415
2011-02-21,22,25,1.3704621665
2011-02-22,20,25,1.415687418
2011-02-23,18,25,1.4582883802
2011-02-24,18.5185185185,25,1.4972153375
2011-02-25,19.8148148148,26,1.5314185741
2011-02-26,21.5,26,1.5598483744
2011-02-27,23.1851851852,28,1.5814550226
2011-02-28,24.4814814815,25,1.595188803
2011-03-01,25,28,1.6
2011-03-02,22,25,1.6
2011-03-03,25,27,1.7
2011-03-04,22,27,2.2
2011-03-05,20,25,1.2
2011-03-06,20,21.9375,1
2011-03-07,22,20,1.4
2011-03-08,25,24,1.9
2011-03-09,18,26,2.8
2011-03-10,23,23,2.3
2011-03-11,20,25,1.8
2011-03-12,22,29,1.5
2011-03-13,18,28,1.3
2011-03-14,25,29,1.8
2011-03-15,23.5,29,1
2011-03-16,22,29,1.8
2011-03-17,26,27,1.4
2011-03-18,18,29,1.6
2011-03-19,18,25,1.6
2011-03-20,18,36,1.7
2011-03-21,22,26,2.5
2011-03-22,22,26,1.4
2011-03-23,23,25,2.6
2011-03-24,22,27,1.8
2011-03-25,22,29,1.9
2011-03-26,22,26,1.9
2011-03-27,22,27,1.9
2011-03-28,22,29,1.6
2011-03-29,22,28.53125,2.4
2011-03-30,22,27.5,2.7
2011-03-31,22,26.46875,2.1
2011-04-01,22,26,1.5
2011-04-02,18,26,1.8
2011-04-03,18,24,1.6
2011-04-04,35,28,2.5
2011-04-05,22,25,1.8
2011-04-06,20,8,1.7
2011-04-07,20,29,1.8
2011-04-08,23,27,1.9
2011-04-09,18,29,1.9
2011-04-10,18,27,2
2011-04-11,23,27,2.2
2011-04-12,18,24,2
2011-04-13,17.4983164983,26,1.8
2011-04-14,17.138047138,29,2.1
2011-04-15,17,28,2.4
2011-04-16,20,26,1.95
2011-04-17,19,26,1.5
2011-04-18,22,24,3
2011-04-19,20,28,2.3
2011-04-20,17.6125,24,1.4
2011-04-21,15,25,1.6
2011-04-22,12,25.2106653417,1.8
2011-04-23,13.8917910448,25.4224494782,1.7
2011-04-24,18,25.6346410722,1.8
2011-04-25,29,25.8465287867,1.5
2011-04-26,19,26.0574012844,1.7
2011-04-27,18,26.2665472283,2.3
2011-04-28,18,26.4732552811,2.4
2011-04-29,18,26.6768141057,2.7
2011-04-30,19,26.876512365,2.6
2011-05-01,20,27.0716387217,2.7
2011-05-02,20,27.2614818388,1.5
2011-05-03,18,27.4453303791,1.8
2011-05-04,22,27.6224730054,2.2
2011-05-05,20,27.7921983806,2.2498959634
2011-05-06,22,27.9537951675,2.2860590928
2011-05-07,20,28.1065520289,2.3
2011-05-08,26,28.2497576278,1.9
2011-05-09,20,28.3827006269,3
2011-05-10,15,28.5046696892,1.6
2011-05-11,20,28.6149534773,2.7
2011-05-12,25,28.7128406543,1.8
2011-05-13,20,28.7976198829,2
2011-05-14,18,28.868579826,1.8
2011-05-15,18.0178326475,28.9250091464,1.9
2011-05-16,18.0685871056,28.966196507,1.6
2011-05-17,18.1481481481,28.9914305705,1.9
2011-05-18,18.2524005487,29,1.8
2011-05-19,18.3772290809,28.9984080818,1.3
2011-05-20,18.5185185185,28.9936726291,2
2011-05-21,18.6721536351,28.9858540943,1.6
2011-05-22,18.8340192044,28.9750129301,1.4
2011-05-23,19,28.9612095891,1.8
2011-05-24,19.1659807956,28.9445045239,1.6
2011-05-25,19.3278463649,28.924958187,1.7
2011-05-26,19.4814814815,28.902631031,1.4
2011-05-27,19.6227709191,28.8775835085,2.3
2011-05-28,19.7475994513,28.8498760722,2.4
2011-05-29,19.8518518519,28.8195691746,1.8
2011-05-30,19.9314128944,28.7867232682,1.9
2011-05-31,19.9821673525,28.7513988057,1.7
2011-06-01,20,28.7136562397,1.5678571429
2011-06-02,20,28.6735560228,1.5
2011-06-03,30,28.6311586074,1.7
2011-06-04,25,28.5865244464,2.5
2011-06-05,22,28.5397139921,1.6
2011-06-06,25,28.4907876972,2
2011-06-07,20,28.4398060144,2.2
2011-06-08,23,28.3868293961,2.1
2011-06-09,18,28.331918295,2.6
2011-06-10,20,28.2751331636,1.8
2011-06-11,25,28.2165344546,2.1
2011-06-12,20,28.1561826206,1.9
2011-06-13,20,28.094138114,1.59375
2011-06-14,18,28.0304613876,1.4
2011-06-15,24,27.9652128939,1.55
2011-06-16,30,27.8984530854,1.7
2011-06-17,20,27.8302424149,1.4
2011-06-18,18,27.7606413348,1.6
2011-06-19,20,27.6897102978,1.8
2011-06-20,26,27.6175097564,1
2011-06-21,36,27.5441001632,1.35
2011-06-22,35.552,27.4695419709,1.7
2011-06-23,34.336,27.393895632,0.9
2011-06-24,32.544,27.317221599,1
2011-06-25,30.368,27.2395803247,1.3
2011-06-26,28,27.1610322615,1
2011-06-27,25.632,27.0816378621,1.8
2011-06-28,23.456,27.0014575791,2.5
2011-06-29,21.664,26.920551865,1.7
2011-06-30,20.448,26.8389811724,1.9
2011-07-01,20,26.7568059539,1.7
2011-07-02,26,26.6740866621,1.8
2011-07-03,25,26.5908837497,0.8
2011-07-04,20,26.5072576691,1.7
2011-07-05,26,26.423268873,1.6
2011-07-06,36,26.3389778139,1.5
2011-07-07,20,26.2544449445,1.8
2011-07-08,28,26.1697307173,2
2011-07-09,17,26.0848955849,2.4
2011-07-10,18,26,2.5
2011-07-11,17,25.9151044151,2.3921875
2011-07-12,18,25.8302692827,2.2
2011-07-13,22,25.7455550555,2
2011-07-14,35,25.6610221861,1.5
2011-07-15,33.7407407407,25.576731127,1.5
2011-07-16,30.5925925926,25.4927423309,1.5
2011-07-17,26.5,25.4091162503,1.5
2011-07-18,22.4074074074,25.3259133379,1.8
2011-07-19,19.2592592593,25.2431940461,1.5
2011-07-20,18,25.1610188276,1.5
2011-07-21,23,25.079448135,1.5
2011-07-22,20,24.9985424209,1.5
2011-07-23,22,24.9183621379,1.2
2011-07-24,22,24.8389677385,1.4
2011-07-25,18,24.7604196753,1.3
2011-07-26,18.110787172,24.682778401,1.3
2011-07-27,18.3965014577,24.606104368,1
2011-07-28,18.7871720117,24.5304580291,1.2
2011-07-29,19.2128279883,24.4558998368,1.2
2011-07-30,19.6034985423,24.3824902436,1.5
2011-07-31,19.889212828,24.3102897022,1
2011-08-01,20,24.2393586652,1.2
2011-08-02,18,24.1697575851,1.2
2011-08-03,18,24.1015469146,1.2
2011-08-04,22,24.0347871061,1.225
2011-08-05,21.8849032258,23.9695386124,1.25
2011-08-06,21.5747096774,23.905861886,1.2
2011-08-07,21.1220645161,23.8438173794,1.2
2011-08-08,20.5796129032,23.7834655454,1.2
2011-08-09,20,23.7248668364,1.2
2011-08-10,18,23.668081705,1
2011-08-11,24,23.6131706039,1
2011-08-12,18,23.5601939856,1
2011-08-13,20,23.5092123028,1.1
2011-08-14,29,23.4602860079,1.2
2011-08-15,20,23.4134755536,1.1
2011-08-16,22,23.3688413926,1
2011-08-17,21.3214285714,23.3264439772,1.2
2011-08-18,20,23.2863437603,1.3321428571
2011-08-19,18,23.2486011943,1.4
2011-08-20,22,23.2132767318,1
2011-08-21,22,23.1804308254,1
2011-08-22,24,23.1501239278,1
2011-08-23,23.832,23.1224164915,1
2011-08-24,23.376,23.097368969,1
2011-08-25,22.704,23.075041813,1
2011-08-26,21.888,23.0554954761,1
2011-08-27,21,23.0387904109,1
2011-08-28,20.112,23.0249870699,1
2011-08-29,19.296,23.0141459057,1
2011-08-30,18.624,23.0063273709,1
2011-08-31,18.168,23.0015919182,1.0518518519
2011-09-01,18,23,1.1481481482
2011-09-02,20,23.0065185185,1.2
2011-09-03,18,23.0254814815,1
2011-09-04,20,23.056,1
2011-09-05,23,23.0971851852,1
2011-09-06,24,23.1481481481,1
2011-09-07,22,23.208,1
2011-09-08,20,23.2758518519,1
2011-09-09,28,23.3508148148,1
2011-09-10,25,23.432,1.2
2011-09-11,20,23.5185185185,1
2011-09-12,32,23.6094814815,1
2011-09-13,33,23.704,1
2011-09-14,20,23.8011851852,1
2011-09-15,18,23.9001481481,1
2011-09-16,20,24,1
2011-09-17,22,24.0998518519,0.8
2011-09-18,28.8407258065,24.1988148148,1
2011-09-19,35,24.296,1
2011-09-20,36,24.3905185185,1.2
2011-09-21,23,24.4814814815,1
2011-09-22,26,24.568,1
2011-09-23,18,24.6491851852,1
2011-09-24,28,24.7241481481,1
2011-09-25,22,24.792,1.2
2011-09-26,18,24.8518518519,1
2011-09-27,18.1075348837,24.9028148148,1
2011-09-28,18.4026046512,24.944,1
2011-09-29,18.8439069767,24.9745185185,1.1
2011-09-30,19.3901395349,24.9934814815,1.2
2011-10-01,20,25,1
2011-10-02,26,23,1.1
2011-10-03,36,23,1.2
2011-10-04,18,22.53125,1.2
2011-10-05,25,21.5,1.3
2011-10-06,15,20.46875,1.15
2011-10-07,15.27696793,20,1
2011-10-08,15.9912536443,20.0393518519,1
2011-10-09,16.9679300292,20.1481481481,1
2011-10-10,18.0320699708,20.3125,1
2011-10-11,19.0087463557,20.5185185185,1
2011-10-12,19.72303207,20.7523148148,1
2011-10-13,20,21,1
2011-10-14,18,21.2476851852,1
2011-10-15,26,21.4814814815,1
2011-10-16,26,21.6875,1
2011-10-17,22,21.8518518519,1
2011-10-18,22,21.9606481481,1
2011-10-19,22,22,1
2011-10-20,36,22,1
2011-10-21,26,22,1
2011-10-22,22,22,1
2011-10-23,18,22,1
2011-10-24,22,22,1
2011-10-25,32,22,1
2011-10-26,20,25,1
2011-10-27,25,24,1
2011-10-28,36,23.5,1
2011-10-29,33,23,1
2011-10-30,22,22,1
2011-10-31,22,24.5,1.2
2011-11-01,21.9606481481,27,1
2011-11-02,21.8518518519,27,1
2011-11-03,21.6875,24,1
2011-11-04,21.4814814815,23,1
2011-11-05,21.2476851852,27,1
2011-11-06,21,24,1
2011-11-07,20.7523148148,24,1
2011-11-08,20.5185185185,25,1
2011-11-09,20.3125,24,1
2011-11-10,20.1481481481,25,1.1
2011-11-11,20.0393518519,26,1.2
2011-11-12,20,24,1.2
2011-11-13,26,24,1.2
2011-11-14,32,27,1
2011-11-15,23,22,1
2011-11-16,23,29,1
2011-11-17,22.5,29,1
2011-11-18,22,25,1
2011-11-19,22,26,1.1
2011-11-20,30,24,1.2
2011-11-21,18,21,1.2
2011-11-22,22,21.0105337996,1.2
2011-11-23,26,21.0414387487,1.2
2011-11-24,23,21.0916701731,1.2
2011-11-25,23,21.1601833984,1.2
2011-11-26,23,21.2459337502,1.2
2011-11-27,25,21.3478765543,1.2
2011-11-28,23,21.4649671363,1.2
2011-11-29,23.278818144,21.5961608218,1.2
2011-11-30,24.0020807324,21.7404129366,1.2
2011-12-01,25,21.8966788062,1.2
2011-12-02,33,22.0639137563,1.2
2011-12-03,36,22.2410731127,1.2
2011-12-04,30,22.4271122009,1.2
2011-12-05,18,22.6209863467,1.2
2011-12-06,20,22.8216508756,1.35
2011-12-07,36,23.0280611134,1.5
2011-12-08,20,23.2391723858,1.35
2011-12-09,25,23.4539400183,1.2
2011-12-10,36,23.6713193366,1.2
2011-12-11,30,23.8902656665,1.2
2011-12-12,36,24.1097343335,1.2
2011-12-13,20,24.3286806634,1.2
2011-12-14,23,24.5460599817,1.2
2011-12-15,23,24.7608276142,1.2
2011-12-16,23,24.9719388866,0.5
2011-12-17,23,25.1783491244,1.2
2011-12-18,33,25.3790136533,1.2
2011-12-19,30,25.5728877991,1.2
2011-12-20,20,25.7589268873,1.2
2011-12-21,20,25.9360862437,1.2
2011-12-22,30,26.1033211938,1.2
2011-12-23,23,26.2595870634,1.2
2011-12-24,20,26.4038391782,1.2
2011-12-25,36,26.5350328637,1.2
2011-12-26,20,26.6521234457,1.2
2011-12-27,30,26.7540662498,1.4
2011-12-28,28.96,26.8398166016,1.3
2011-12-29,26.48,26.9083298269,1.2339285714
2011-12-30,23.52,26.9585612513,1.2
2011-12-31,21.04,26.9894662004,1.4
2012-01-01,20,27,0.8
2012-01-02,20,26.5,1.5
2012-01-03,23,26,1.35
2012-01-04,20,26,1.2
2012-01-05,25,23,1.2
2012-01-06,30,22.3014705882,1.2
2012-01-07,20,22,1.4
2012-01-08,20,25,1.6
2012-01-09,25,26,1.5
2012-01-10,20,23,1.2
2012-01-11,20,24,1.2
2012-01-12,20,22,1.8
2012-01-13,20,23,2
2012-01-14,25,25,1.8
2012-01-15,22.5,25,1.4386363636
2012-01-16,20,25,1.2
2012-01-17,20,22,1.2
2012-01-18,30,22.1953125,1.5
2012-01-19,25,22.6875,1.6982142857
2012-01-20,22,23.3359375,1.8
2012-01-21,32,24,1
2012-01-22,22,25,1.3
2012-01-23,22,25,1.3
2012-01-24,36,24.7407407407,1.6
2012-01-25,33,24.2592592593,1.7
2012-01-26,26,24,1.625
2012-01-27,33,25,1.5
2012-01-28,31.856,25.7667368421,1.4
2012-01-29,29.128,26.5675789474,1.3
2012-01-30,25.872,27.2850526316,1.2
2012-01-31,23.144,27.8016842105,1.2
2012-02-01,22,28,1
2012-02-02,22,26,1.1
2012-02-03,25,26,1.2
2012-02-04,32,27,1.2
2012-02-05,33,25,1.3
2012-02-06,26,26,1.2
2012-02-07,22,22,1.2
2012-02-08,20,22,1.3
2012-02-09,18,22,1.25
2012-02-10,24,26,1.2
2012-02-11,33,27,1.4
2012-02-12,23,23,1.5
2012-02-13,22.2836538462,26,1.3921875
2012-02-14,22,27,1.2
2012-02-15,22,220,1
2012-02-16,22,25,1
2012-02-17,20,26,1
2012-02-18,23,23,1.9
2012-02-19,32,22,0.9
2012-02-20,25,23,1.05
2012-02-21,18,26,1.2
2012-02-22,22,24,1.2
2012-02-23,26,22,1.2
2012-02-24,32,23,1.2
2012-02-25,22,22,1.2
2012-02-26,20,22,1.2
2012-02-27,22,22,1.5
2012-02-28,22,22,1.3
2012-02-29,18,22,1.2
2012-03-01,22,28,1.55
2012-03-02,22,24,1.9
2012-03-03,22,24,1.2
2012-03-04,32,24.5185185185,1
2012-03-05,30,25.4814814815,1.1
2012-03-06,20,26,1
2012-03-07,25,26,1.2
2012-03-08,33,22,1.2
2012-03-09,18,25,1.2
2012-03-10,33,24.6875,1.2
2012-03-11,22,24,1.6
2012-03-12,20,22,1.3
2012-03-13,25,26,1.3
2012-03-14,23.921875,23,0.4
2012-03-15,22,26,0.8
2012-03-16,20,27,1.2
2012-03-17,22,24,1.2
2012-03-18,25,21,1.5
2012-03-19,22,27,1.3
2012-03-20,33,26,1.8
2012-03-21,22,26,1.9
2012-03-22,18,25,1.6
2012-03-23,33,24.3392857143,1.3
2012-03-24,22,24,1.3
2012-03-25,22,24,1
2012-03-26,33,24,1.2
2012-03-27,20,24,1
2012-03-28,20,27,1.2
2012-03-29,20,23,1.2
2012-03-30,20,22,1.2
2012-03-31,20,24,1.2
2012-04-01,20,26,1.16875
2012-04-02,33,26,1.1
2012-04-03,22,26,0.9
2012-04-04,18,24,1.2
2012-04-05,22,26,1.2
2012-04-06,22,26,1.2
2012-04-07,33,24,1.2
2012-04-08,25,26,1.2
2012-04-09,33,23,1.3
2012-04-10,22,23.5,1.2
2012-04-11,22,24,1.2
2012-04-12,23,23,1.2
2012-04-13,23,26,1.2
2012-04-14,23,24,1.2
2012-04-15,23,24,1.6
2012-04-16,22,24,1.2
2012-04-17,20,21,1.2
2012-04-18,20,22.5,1.2
2012-04-19,20,24,1.2
2012-04-20,20,24,1.2
2012-04-21,23,26,1.2
2012-04-22,20,24,1.2
2012-04-23,18.7790810469,22,1.2
2012-04-24,17.5409616802,23,1.2
2012-04-25,16.3285881555,24,1.2
2012-04-26,15.1849067284,24,1.2
2012-04-27,14.1528636543,23,1.2
2012-04-28,13.2754051889,25,1.2
2012-04-29,12.5954775877,25.6875,1.2
2012-04-30,12.1560271062,26,1.2
2012-05-01,12,25.833819242,1.2
2012-05-02,15,25.4052478134,1.2
2012-05-03,20,24.8192419825,1.2
2012-05-04,20,24.1807580175,1.2
2012-05-05,23,23.5947521866,1.2
2012-05-06,22,23.166180758,1.2
2012-05-07,20,23,1.2
2012-05-08,20,23.04296875,1.2
2012-05-09,20,23.15625,1.2
2012-05-10,18,23.31640625,1.2
2012-05-11,22,23.5,1.2
2012-05-12,17.5,23.68359375,1.2
2012-05-13,13,23.84375,1.2
2012-05-14,17.5,23.95703125,1.2
2012-05-15,22,24,1.2
2012-05-16,22,24,1.2
2012-05-17,21,24,1.2301470588
2012-05-18,12,24,1.3
2012-05-19,12,24,1.6
2012-05-20,10,24,1.4
2012-05-21,20,23.6875,1.2
2012-05-22,15,23,1.2
2012-05-23,15.78125,22.3125,1.2
2012-05-24,17.5,22,1.2
2012-05-25,19.21875,24,1.2
2012-05-26,20,23.4814814815,1.2
2012-05-27,16,22.5185185185,1.2
2012-05-28,12,22,1.2
2012-05-29,12.9375,22.15625,1.2
2012-05-30,15,22.5833333333,1.5
2012-05-31,17.0625,23.21875,1.4
2012-06-01,18,24,1.3
2012-06-02,15,29.2083333333,1.4
2012-06-03,18,34,1.4
2012-06-04,12,33.8763441962,1.3387931035
2012-06-05,11,33.5250870404,1.2
2012-06-06,15,32.9757939154,0.7
2012-06-07,20,32.2580302045,0.7644736842
2012-06-08,19.9594907407,31.4013612908,0.9
2012-06-09,19.8425925926,30.4353525572,1.2
2012-06-10,19.65625,29.3895693869,0.8
2012-06-11,19.4074074074,28.2935771629,1.2
2012-06-12,19.1030092593,27.1769412684,1
2012-06-13,18.75,26.0692270864,1.2
2012-06-14,18.3553240741,25,1.2372596154
2012-06-15,17.9259259259,23,1.2692307692
2012-06-16,17.46875,23,1.2915865385
2012-06-17,16.9907407407,23,1.3
2012-06-18,16.4988425926,25,1.2
2012-06-19,16,24.9998362038,1.3
2012-06-20,15.5011574074,24.9993480669,1.2
2012-06-21,15.0092592593,24.9985404664,1.075
2012-06-22,14.53125,24.9974182797,1
2012-06-23,14.0740740741,24.9959863842,1.2
2012-06-24,13.6446759259,24.9942496571,1.8
2012-06-25,13.25,24.9922129757,1.7
2012-06-26,12.8969907407,24.9898812173,1.4
2012-06-27,12.5925925926,24.9872592593,1.2
2012-06-28,12.34375,24.9843519789,1.2692951016
2012-06-29,12.1574074074,24.9811642534,1.427479092
2012-06-30,12.0405092593,24.9777009602,1.6
2012-07-01,12,24.9739669766,1.8
2012-07-02,18,24.9699671798,1.6
2012-07-03,20,24.9657064472,1.3
2012-07-04,12,24.961189656,2
2012-07-05,14,24.9564216837,1.8586956522
2012-07-06,12,24.9514074074,1.6
2012-07-07,20,24.9461517045,1.3
2012-07-08,14,24.9406594523,1.8
2012-07-09,10,24.9349355281,1.4
2012-07-10,13,24.9289848092,1.4
2012-07-11,20,24.9228121729,1.4
2012-07-12,15,24.9164224966,1.35
2012-07-13,12,24.9098206574,1.3
2012-07-14,12,24.9030115328,1.4
2012-07-15,11,24.896,1.2
2012-07-16,11.5,24.8887909363,1
2012-07-17,12,24.8813892191,1
2012-07-18,12,24.8737997257,1.2
2012-07-19,14,24.8660273332,1.1
2012-07-20,12,24.8580769192,1
2012-07-21,23,24.8499533608,1.0678571429
2012-07-22,13,24.8416615353,1.2
2012-07-23,12,24.8332063202,1.4
2012-07-24,14,24.8245925926,1.2
2012-07-25,16,24.8158252299,1
2012-07-26,15.667638484,24.8069091094,1.1
2012-07-27,14.8104956268,24.7978491084,1.2
2012-07-28,13.638483965,24.7886501042,1.2
2012-07-29,12.361516035,24.779316974,1.4
2012-07-30,11.1895043732,24.7698545953,1
2012-07-31,10.332361516,24.7602678453,1.2
2012-08-01,10,24.7505616014,1.2
2012-08-02,20,24.7407407407,1.2
2012-08-03,23,24.7308101407,1.2
2012-08-04,20,24.7207746787,1
2012-08-05,12,24.7106392318,1
2012-08-06,14,24.7004086775,0.8
2012-08-07,15,24.6900878931,1.2
2012-08-08,12,24.6796817558,0.9
2012-08-09,11,24.669195143,0.93125
2012-08-10,14,24.658632932,1
2012-08-11,22,24.648,1.2
2012-08-12,22,24.6373012244,1
2012-08-13,15,24.6265414825,1.2
2012-08-14,11,24.6157256516,1.2
2012-08-15,18,24.604858609,1.1481481482
2012-08-16,16.6428571429,24.5939452319,1.0518518519
2012-08-17,14,24.5829903978,1
2012-08-18,10,24.5719989839,1
2012-08-19,14,24.5609758675,1
2012-08-20,14,24.5499259259,1.1
2012-08-21,14,24.5388540365,1.2
2012-08-22,10,24.5277650765,1.2
2012-08-23,12,24.5166639232,1.2
2012-08-24,15,24.5055554539,1.2
2012-08-25,13,24.4944445461,1.2
2012-08-26,13,24.4833360768,1.2
2012-08-27,11,24.4722349235,1.2
2012-08-28,12,24.4611459635,1.2
2012-08-29,13.640625,24.4500740741,1.2
2012-08-30,15.625,24.4390241325,1.2
2012-08-31,17.296875,24.4280010161,1.2
2012-09-01,18,24.4170096022,1.2
2012-09-02,12,24.4060547681,1.2
2012-09-03,22,24.395141391,1.2
2012-09-04,20,24.3842743484,1.2
2012-09-05,12,24.3734585175,1.2
2012-09-06,17,24.3626987756,1.2
2012-09-07,20,24.352,1.2
2012-09-08,22,24.341367068,1.2
2012-09-09,22,24.330804857,1.2
2012-09-10,20,24.3203182442,1.1
2012-09-11,20,24.3099121069,1
2012-09-12,12,24.2995913225,1.2
2012-09-13,12.0400933081,24.2893607682,1.1
2012-09-14,12.1545414783,24.2792253213,1
2012-09-15,12.33459688,24.2691898593,1.2
2012-09-16,12.5715118822,24.2592592593,1
2012-09-17,12.8565388541,24.2494383986,1
2012-09-18,13.1809301647,24.2397321547,1.2
2012-09-19,13.5359381834,24.2301454047,1.2
2012-09-20,13.9128152792,24.220683026,1.2
2012-09-21,14.3028138213,24.2113498958,1.2
2012-09-22,14.6971861787,24.2021508916,1
2012-09-23,15.0871847208,24.1930908906,1.2
2012-09-24,15.4640618166,24.1841747701,1.2
2012-09-25,15.8190698353,24.1754074074,1
2012-09-26,16.1434611459,24.1667936798,1.2
2012-09-27,16.4284881178,24.1583384647,1.2
2012-09-28,16.66540312,24.1500466392,1.2
2012-09-29,16.8454585217,24.1419230808,1.2
2012-09-30,16.9599066919,24.1339726668,1
2012-10-01,17,24.1262002743,1
2012-10-02,15,24.1186107809,1.1
2012-10-03,22,24.1112090637,1.2
2012-10-04,14,24.104,1.2
2012-10-05,18,24.0969884672,1.2
2012-10-06,14,24.0901793426,1.2
2012-10-07,12,24.0835775034,1.2
2012-10-08,10,24.0771878271,1.2
2012-10-09,12,24.0710151908,1.5
2012-10-10,12,24.0650644719,1.2
2012-10-11,11,24.0593405477,1.2
2012-10-12,20,24.0538482955,1.2
2012-10-13,14,24.0485925926,1
2012-10-14,10,24.0435783163,1.2
2012-10-15,14,24.038810344,1.2
2012-10-16,15,24.0342935528,1.2
2012-10-17,13.5,24.0300328202,1.2
2012-10-18,12,24.0260330234,1.2
2012-10-19,14,24.0222990398,1.2
2012-10-20,12,24.0188357466,1.2
2012-10-21,24,24.0156480211,1.2222222222
2012-10-22,12,24.0127407407,1.2777777778
2012-10-23,12,24.0101187827,1.35
2012-10-24,12,24.0077870243,1.4222222222
2012-10-25,12,24.0057503429,1.4777777778
2012-10-26,12,24.0040136158,1.5
2012-10-27,12,24.0025817203,1.3
2012-10-28,12,24.0014595336,1.3
2012-10-29,12,24.0006519331,1.15
2012-10-30,12,24.0001637962,1
2012-10-31,12,24,1.2
2012-11-01,12,24,1.1
2012-11-02,20,24,1
2012-11-03,20,27,1
2012-11-04,14,27,1
2012-11-05,10,27,1
2012-11-06,14,25,1
2012-11-07,12,24,1.2
2012-11-08,14,24,1.26875
2012-11-09,12,25,1.3
2012-11-10,10,23,1.2
2012-11-11,14,28,1.2
2012-11-12,12,24.5,1.2
2012-11-13,12.208,21,1.1333333333
2012-11-14,12.704,24,1
2012-11-15,13.296,24,0.7666666667
2012-11-16,13.792,26,0.6
2012-11-17,14,24,1
2012-11-18,14,21,1.5
2012-11-19,12,25,1.2
2012-11-20,12.0554335237,27,1.2
2012-11-21,12.2119892967,22,1.2
2012-11-22,12.4550501218,24,1.1
2012-11-23,12.7699988019,26,1
2012-11-24,13.1422181397,24,1.0518518519
2012-11-25,13.5570909381,26,1.1481481482
2012-11-26,14,25,1.2
2012-11-27,14.8792808219,25,1
2012-11-28,16.3926940639,25,1.0518518519
2012-11-29,18.209760274,22,1.1481481482
2012-11-30,20,23.5,1.2
2012-12-01,22,25,1.2
2012-12-02,12,24.5,1.2
2012-12-03,14,24,1.3
2012-12-04,12,24,1.3
2012-12-05,14,24,1.3
2012-12-06,14,24,1.2740740741
2012-12-07,12,24,1.2259259259
2012-12-08,15,24,1.2
2012-12-09,10,24,1.2
2012-12-10,12,24,1.2
2012-12-11,14,25,1.2
2012-12-12,10,24,1.2
2012-12-13,20,23,1.1397058824
2012-12-14,20,23.0575483871,1
2012-12-15,17.1323529412,23.2126451613,0.4
2012-12-16,14,23.4389677419,1.2
2012-12-17,13.484204793,23.7101935484,1
2012-12-18,13.0108932462,24,1
2012-12-19,12.6029411765,25,1.2
2012-12-20,12.2832244009,26,1.3921875
2012-12-21,12.0746187364,25.9606481481,1.5
2012-12-22,12,25.8518518519,1.2
2012-12-23,12,25.6875,1.3
2012-12-24,12,25.4814814815,1.5
2012-12-25,12,25.2476851852,1.453125
2012-12-26,12,25,1.35
2012-12-27,12,24.7523148148,1.246875
2012-12-28,12,24.5185185185,1.2
2012-12-29,12,24.3125,1.2
2012-12-30,12,24.1481481481,1.2
2012-12-31,12,24.0393518519,1.5
2013-01-01,12,24,1.5
2013-01-02,14,24,1.3
2013-01-03,14,24,1.23125
2013-01-04,10,24,1.2
2013-01-05,20,24,1.5
2013-01-06,14,24,1.2
2013-01-07,13,24,1.5
2013-01-08,13,24,1.4
2013-01-09,12,24,1.5
2013-01-10,11,24,1.5
2013-01-11,11,24,1.5
2013-01-12,14,24,1.2
2013-01-13,10,24,0.7
2013-01-14,10,27,0.9125
2013-01-15,10,24,1.2
2013-01-16,10.78125,23,1.3
2013-01-17,12.5,27,1.25
2013-01-18,14.21875,21.8148148148,1.2
2013-01-19,15,12.1851851852,1.3
2013-01-20,11,7,1.5
2013-01-21,15,27,1.25
2013-01-22,14,24,1
2013-01-23,12.75,24,1.3
2013-01-24,12,24,1.3
2013-01-25,22,24,1.3
2013-01-26,14,24,1.15
2013-01-27,13.2375,24,1
2013-01-28,12.6,24,1.3
2013-01-29,12.1625,24.46875,1.3
2013-01-30,12,25.5,1.3
2013-01-31,23,26.53125,1.25
2013-02-01,13,27,1.2
2013-02-02,12,25,1.3
2013-02-03,14,25,1.3
2013-02-04,12,27,1.2
2013-02-05,12,27,1.3
2013-02-06,12,27,1.3
2013-02-07,14,24,1.25
2013-02-08,14,24,1.2
2013-02-09,12,24,1.2
2013-02-10,11,24,1.4
2013-02-11,12,27,1.4
2013-02-12,11,27,0.8
2013-02-13,12,26.97825,1.6
2013-02-14,12,26.916,1
2013-02-15,12,26.81775,1.15
2013-02-16,12,26.688,1.3
2013-02-17,12,26.53125,1.2
2013-02-18,12,26.352,1.3
2013-02-19,13,26.15475,1.4
2013-02-20,10,25.944,1
2013-02-21,10,25.72425,1.1078125
2013-02-22,12,25.5,1.3
2013-02-23,14,25.27575,1.5
2013-02-24,21,25.056,1.3
2013-02-25,14,24.84525,1.2
2013-02-26,14,24.648,1.8
2013-02-27,14,24.46875,1.6
2013-02-28,12.5,24.312,1.53125
2013-03-01,11,24.18225,1.5
2013-03-02,12,24.084,1.5
2013-03-03,11,24.02175,1.3
2013-03-04,11,24,1.3
2013-03-05,8,24,1.2
2013-03-06,10,27,1.3
2013-03-07,22,27.115887851,1.3
2013-03-08,11,27.2313464988,1.3
2013-03-09,11,27.346039946,1
2013-03-10,10,27.4596321953,1.075
2013-03-11,11,27.5717872495,1.2
2013-03-12,10,27.6821691111,1.3
2013-03-13,14,27.7904417827,1.386260454
2013-03-14,13.25,27.8962692672,1.4653524492
2013-03-15,12,27.999315567,1.5
2013-03-16,11,28.0992446849,1.3
2013-03-17,11,28.1957206236,1.5
2013-03-18,10,28.2884073856,1.3
2013-03-19,14,28.3769689737,1.5
2013-03-20,13,28.4610693906,1.2
2013-03-21,14,28.5403726388,1.35
2013-03-22,11,28.614542721,1.5
2013-03-23,22,28.6832436399,1.5
2013-03-24,11,28.7461393982,1.4
2013-03-25,12,28.8028939984,1.5
2013-03-26,20,28.8531714434,1.2
2013-03-27,20,28.8966357356,1.2777777778
2013-03-28,20,28.9329508779,1.4222222222
2013-03-29,18,28.9617808728,1.5
2013-03-30,12,28.982789723,1.5
2013-03-31,12,28.9956414312,1.5
2013-04-01,11,29,1.5
2013-04-02,14,28,1.5
2013-04-03,11,24,1.5
2013-04-04,14,24,1.55
2013-04-05,12,26,1.6
2013-04-06,15,23,1.55
2013-04-07,13,24,1.5
2013-04-08,18,24,1.5
2013-04-09,10,27,1.5
2013-04-10,12,26,1.5
2013-04-11,10,28,1.5
2013-04-12,12,28,1.5
2013-04-13,20,24,1
2013-04-14,10,26,1
2013-04-15,12,24,1
2013-04-16,12,24,1.2
2013-04-17,12,28,1.6
2013-04-18,12,28,1.5740740741
2013-04-19,18,24,1.5259259259
2013-04-20,20,24,1.5
2013-04-21,13,26,1.5
2013-04-22,22,25.944,1.4
2013-04-23,12,25.792,1.6
2013-04-24,11,25.568,1.3
2013-04-25,22,25.296,0.8129032258
2013-04-26,11,25,0.5
2013-04-27,11,24.704,1.6
2013-04-28,11,24.432,1.3
2013-04-29,10,24.208,1.2
2013-04-30,12,24.056,1.3
2013-05-01,14,24,1.2
2013-05-02,14,26,1.4
2013-05-03,10,24,1.6
2013-05-04,14,25,1.5
2013-05-05,10,26,1.2
2013-05-06,12,27,1.6
2013-05-07,14,26,1.5
2013-05-08,14,28,1.6
2013-05-09,22,24,1.6
2013-05-10,15,26,1.6
2013-05-11,10,23,1.6
2013-05-12,22,26,1.6
2013-05-13,25,18,1.65
2013-05-14,17,25,1.7
2013-05-15,14.9130434783,25,0.7
2013-05-16,14,23,1.15
2013-05-17,17,24,1.6
2013-05-18,13,29,1.5
2013-05-19,14,26,1.5
2013-05-20,20,24,1.6
2013-05-21,14,26,1.6
2013-05-22,12,23,1.8
2013-05-23,15,28,1.7660714286
2013-05-24,12,24,1.7
2013-05-25,12,26,1.6
2013-05-26,11,21,1.6
2013-05-27,10,24,1.6
2013-05-28,12,26,1.6
2013-05-29,12,24,1.5
2013-05-30,12,28,1.5833333333
2013-05-31,12,28,1.7
2013-06-01,12,25,1.7666666667
2013-06-02,20,18,1.8
2013-06-03,8,22,1.3
2013-06-04,10,26,1.7
2013-06-05,17,24,1.8424242424
2013-06-06,7,22,1.9545454546
2013-06-07,14,20,2
2013-06-08,10,29,1.6
2013-06-09,12,23,1.2
2013-06-10,11,22,1.3
2013-06-11,10,28,1
2013-06-12,12,22,1.3
2013-06-13,12,26,1.5586956522
2013-06-14,11,26,1.7
2013-06-15,10,25,1.6481481482
2013-06-16,12,25,1.5518518519
2013-06-17,10,22,1.5
2013-06-18,8,27,1.7
2013-06-19,16,23,1.7
2013-06-20,12,26,1.5
2013-06-21,13,25,1.3
2013-06-22,10,24,1.3
2013-06-23,10,25,1.25
2013-06-24,10,26,1.2
2013-06-25,12,23,1.3
2013-06-26,8,26,1.5
2013-06-27,10,24,1.4
2013-06-28,12,26,1.3
2013-06-29,10,27,1.6
2013-06-30,12,23,1.5
2013-07-01,10,28,1.5
2013-07-02,14,26,1.6
2013-07-03,12,26,1.7
2013-07-04,12,28,1.625
2013-07-05,10,25,1.5
2013-07-06,10,29,1.4
2013-07-07,12,22,1.6
2013-07-08,10,24,1.5
2013-07-09,7,26,1.2
2013-07-10,7.7777777778,26,1.247008547
2013-07-11,9.2222222222,24,1.3606837607
2013-07-12,10,28,1.5
2013-07-13,10,25,1.8
2013-07-14,12,24,1.3
2013-07-15,10,25,1.2
2013-07-16,7,26,0.5
2013-07-17,9.5,29,1.6
2013-07-18,12,26,1.6
2013-07-19,11.584,25,1.6
2013-07-20,10.592,26,1.5
2013-07-21,9.408,27,1.5
2013-07-22,8.416,24,1.2
2013-07-23,8,25,1.3
2013-07-24,10,24,1.2
2013-07-25,12,26,1.2
2013-07-26,12,24,1.2
2013-07-27,12,26,1.2
2013-07-28,8,24,1.2
2013-07-29,10,28,1.3
2013-07-30,13,24,1.5
2013-07-31,14,24,1.5
2013-08-01,13,26,1.5
2013-08-02,8,24,1.5
2013-08-03,8,25,1.6
2013-08-04,8,26,1.3
2013-08-05,8,24,1.5
2013-08-06,8,24,1.7
2013-08-07,8,26,1.2
2013-08-08,8,24,1.2259259259
2013-08-09,8,26,1.2740740741
2013-08-10,8,26,1.3
2013-08-11,8,22,1.2
2013-08-12,8,25,0.9
2013-08-13,8,24,0.7
2013-08-14,13,26,1
2013-08-15,7,24,1
2013-08-16,8,24,1
2013-08-17,8.4732142857,28,0.5
2013-08-18,9,23,0.7
2013-08-19,11,21,1
2013-08-20,10,23,1.1355263158
2013-08-21,8,26,1.2
2013-08-22,7,23,1.1851851852
2013-08-23,7,25,1.1481481482
2013-08-24,12,28,1.1
2013-08-25,7,23,1.0518518519
2013-08-26,7,21,1.0148148148
2013-08-27,6.4814814815,26,1
2013-08-28,5.5185185185,23,1
2013-08-29,5,26,1
2013-08-30,7,26,1
2013-08-31,10,28,1
2013-09-01,8,23,1
2013-09-02,12,26,1
2013-09-03,9.5,23,1.2
2013-09-04,7,26,1.2
2013-09-05,10,24,1.1
2013-09-06,10,26,1
2013-09-07,10,24,1
2013-09-08,10,28,1.2
2013-09-09,10,26,1.3921875
2013-09-10,7,22,1.5
2013-09-11,13,29,1.2
2013-09-12,7,28,1.0644736842
2013-09-13,14,23,1
2013-09-14,12,23,1
2013-09-15,6,28,1.2
2013-09-16,6,25,1.2
2013-09-17,7,28,1.2
2013-09-18,6,28,1.2
2013-09-19,8,26,1.2
2013-09-20,6,26,1.2
2013-09-21,8.0740740741,22,1.2
2013-09-22,11.9259259259,26,1.2
2013-09-23,14,28,1.2
2013-09-24,7,28,1.2
2013-09-25,5,23,1.2
2013-09-26,4,27,1.2
2013-09-27,4.0024106212,26,1.2
2013-09-28,4.0095728638,25,1.5
2013-09-29,4.0213822967,29,1.4
2013-09-30,4.0377344885,28,1.2
2013-10-01,4.0585250082,28,1.2
2013-10-02,4.0836494243,26,1.23125
2013-10-03,4.1130033058,28,1.3
2013-10-04,4.1464822212,27,1.36875
2013-10-05,4.1839817395,27,1.4
2013-10-06,4.2253974293,25,1
2013-10-07,4.2706248594,23,1.3
2013-10-08,4.3195595985,22,1.3
2013-10-09,4.3720972155,29,2
2013-10-10,4.4281332791,28.9699234089,1.924537037
2013-10-11,4.4875633581,28.8825057264,1.7296296296
2013-10-12,4.5502830211,28.7419650892,1.4625
2013-10-13,4.616187837,28.5525196335,1.1703703704
2013-10-14,4.6851733745,28.3183874959,0.900462963
2013-10-15,4.7571352024,28.0437868128,0.7
2013-10-16,4.8319688894,27.7329357207,0.6
2013-10-17,4.9095700044,27.390052356,0.6259259259
2013-10-18,4.989834116,27.0193548552,0.6740740741
2013-10-19,5.0726567929,26.6250613547,0.7
2013-10-20,5.1579336041,26.211389991,0.6
2013-10-21,5.2455601182,25.7825589005,0.6
2013-10-22,5.335431904,25.3427862197,0.7
2013-10-23,5.4274445302,24.8962900851,0.8
2013-10-24,5.5214935657,24.447288633,0.65
2013-10-25,5.6174745791,24,0.5
2013-10-26,5.7152831392,22,0.9
2013-10-27,5.8148148148,22,0.7
2013-10-28,5.9159651747,28,0.8
2013-10-29,6.0186297875,26,0.9
2013-10-30,6.1227042221,25,0.7
2013-10-31,6.2280840473,23,0.75
2013-11-01,6.3346648317,22,0.8
2013-11-02,6.4423421441,24,0.7
2013-11-03,6.5510115533,22,0.75
2013-11-04,6.6605686281,27,0.8
2013-11-05,6.7709089372,29,0.7
2013-11-06,6.8819280494,28,0.6
2013-11-07,6.9935215334,25,0.6
2013-11-08,7.1055849579,23,0.6
2013-11-09,7.2180138918,28,0.6
2013-11-10,7.3307039039,26,0.6
2013-11-11,7.4435505628,26,0.6
2013-11-12,7.5564494373,26,0.6
2013-11-13,7.6692960961,22,0.6
2013-11-14,7.7819861082,27,0.6
2013-11-15,7.8944150421,23,0.6
2013-11-16,8.0064784667,28,0.65
2013-11-17,8.1180719506,28,0.7125
2013-11-18,8.2290910628,26,0.75
2013-11-19,8.3394313719,28,0.7
2013-11-20,8.4489884467,27.9989038828,0.8
2013-11-21,8.5576578559,27.9956261472,0.7625
2013-11-22,8.6653351683,27.9901827176,0.7
2013-11-23,8.7719159527,27.9825895181,0.65
2013-11-24,8.8772957779,27.9728624729,0.6
2013-11-25,8.9813702125,27.9610175064,0.6
2013-11-26,9.0840348253,27.9470705426,0.6166666667
2013-11-27,9.1851851852,27.9310375058,0.65
2013-11-28,9.2847168608,27.9129343203,0.6889367816
2013-11-29,9.3825254209,27.8927769102,0.75
2013-11-30,9.4785064343,27.8705811998,1
2013-12-01,9.5725554698,27.8463631133,1.2
2013-12-02,9.664568096,27.820138575,0.6
2013-12-03,9.7544398818,27.7919235089,0.8
2013-12-04,9.8420663959,27.7617338395,1.2
2013-12-05,9.9273432071,27.7295854908,1.1
2013-12-06,10.0101658841,27.6954943871,1
2013-12-07,10.0904299956,27.6594764527,1
2013-12-08,10.1680311106,27.6215476117,1
2013-12-09,10.2428647976,27.5817237884,1
2013-12-10,10.3148266255,27.540020907,1.2
2013-12-11,10.383812163,27.4964548916,4.3282018427
2013-12-12,10.4497169789,27.4510416667,9.6696564769
2013-12-13,10.5124366419,27.4037971562,12.5
2013-12-14,10.5718667209,27.3547372846,0.7
2013-12-15,10.6279027845,27.3038779759,1
2013-12-16,10.6804404015,27.2512351545,0.2
2013-12-17,10.7293751406,27.1968247445,1.5
2013-12-18,10.7746025707,27.1406626702,1.2
2013-12-19,10.8160182605,27.0827648558,1.35
2013-12-20,10.8535177788,27.0231472254,1.5
2013-12-21,10.8869966943,26.9618257034,1.2
2013-12-22,10.9163505757,26.8988162139,1.2
2013-12-23,10.9414749918,26.8341346812,1.2
2013-12-24,10.9622655115,26.7677970295,1.2
2013-12-25,10.9786177033,26.699819183,1.2
2013-12-26,10.9904271362,26.630217066,1.2
2013-12-27,10.9975893788,26.5590066026,1.2
2013-12-28,11,26.486203717,1.2
2013-12-29,10,26.4118243336,1.2
2013-12-30,8,26.3358843765,1.2
2013-12-31,10.5,26.2583997699,1.5
2014-01-01,13,26.179386438,1.2
2014-01-02,10,26.0988603052,1.2
2014-01-03,9,26.0168372956,1.2
2014-01-04,9,25.9333333333,1.2
2014-01-05,14,25.8483643428,1.5
2014-01-06,10,25.761946248,1.5
2014-01-07,14,25.6740949734,1.5
2014-01-08,12,25.5848264431,1.5
2014-01-09,10,25.4941565813,1.5
2014-01-10,13,25.4021013123,1.5
2014-01-11,13,25.3086765602,1.5
2014-01-12,13,25.2138982494,1.5
2014-01-13,10,25.1177823039,0.7
2014-01-14,10,25.0203446481,0.95
2014-01-15,10,24.9216012061,1.2
2014-01-16,7,24.8215679022,1.2
2014-01-17,8,24.7202606607,1.2
2014-01-18,14,24.6176954056,1.2
2014-01-19,14,24.5138880613,1.2
2014-01-20,13,24.4088545519,1
2014-01-21,10,24.3026108018,1.2
2014-01-22,12,24.195172735,1.5
2014-01-23,14,24.0865562759,1.5
2014-01-24,10,23.9767773486,1.5
2014-01-25,10,23.8658518773,1.5
2014-01-26,10,23.7537957864,1.5
2014-01-27,10,23.640625,1.5
2014-01-28,12,23.5263554423,1.5
2014-01-29,14,23.4110030376,1.5
2014-01-30,14,23.29458371,1.5
2014-01-31,13,23.1771133839,1.5
2014-02-01,15,23.0586079833,1.5
2014-02-02,12,22.9390834326,1.5
2014-02-03,13,22.818555656,1.3
2014-02-04,10,22.6970405777,1.23125
2014-02-05,10,22.5745541218,1.2
2014-02-06,13,22.4511122127,1.35
2014-02-07,13,22.3267307745,1.5
2014-02-08,12,22.2014257315,1.5
2014-02-09,17,22.0752130079,1.5
2014-02-10,12.2,21.9481085278,1.5
2014-02-11,10,21.8201282157,1.5
2014-02-12,10,21.6912879955,1.2
2014-02-13,11.5,21.5616037917,1.35
2014-02-14,13,21.4310915283,1.5
2014-02-15,12,21.2997671297,1.5
2014-02-16,17,21.16764652,1.6
2014-02-17,13,21.0347456234,1.6
2014-02-18,14,20.9010803642,1.5
2014-02-19,13,20.7666666667,1.5
2014-02-20,20,20.6315204549,1.75
2014-02-21,10,20.4956576532,2
2014-02-22,13,20.3590941858,1.5
2014-02-23,13,20.2218459768,1.7
2014-02-24,13,20.0839289506,1.5
2014-02-25,13,19.9453590313,1.7
2014-02-26,13,19.8061521431,1.2
2014-02-27,14,19.6663242103,1.3078125
2014-02-28,8,19.5258911571,1.5
2014-03-01,14,19.3848689077,1.7
2014-03-02,13.5,19.2432733863,1.7
2014-03-03,13,19.1011205172,1.7
2014-03-04,14,18.9584262246,1.8
2014-03-05,13,18.8152064327,1.8
2014-03-06,10,18.6714770657,1.75
2014-03-07,14,18.5272540478,1.7
2014-03-08,13,18.3825533033,1.8
2014-03-09,14,18.2373907564,1.8
2014-03-10,17,18.0917823313,1.5
2014-03-11,21,17.9457439522,1.6
2014-03-12,11,17.7992915434,1.5
2014-03-13,16,17.652441029,1.2446691177
2014-03-14,12.5,17.5052083333,0.9
2014-03-15,12.75,17.3576093806,0.5
2014-03-16,13,17.2096600949,0.8111111111
2014-03-17,13,17.0613764006,1.3888888889
2014-03-18,13,16.9127742219,1.7
2014-03-19,16,16.763869483,1.5
2014-03-20,12.5,16.6146781081,1.5339285714
2014-03-21,14,16.4652160215,1.6
2014-03-22,10,16.3154991473,1.7
2014-03-23,16,16.1655434098,1.5
2014-03-24,17,16.0153647332,1.2
2014-03-25,13,15.8649790417,1.6
2014-03-26,8,15.7144022595,1.7
2014-03-27,17,15.563650311,1.6
2014-03-28,11,15.4127391202,1.5
2014-03-29,22,15.2616846114,1.5
2014-03-30,11,15.1105027088,1.7
2014-03-31,11,14.9592093367,1.7
2014-04-01,13,14.8078204193,1.7
2014-04-02,14.625,14.6563518808,1.7
2014-04-03,15.5,14.5048196454,1.7
2014-04-04,13,14.3532396373,1.7
2014-04-05,12,14.2016277807,1.7
2014-04-06,14,14.05,1.7
2014-04-07,13.5,13.8983722193,1.5
2014-04-08,12,13.7467603627,1.7
2014-04-09,13,13.5951803546,1.9
2014-04-10,13.3,13.4436481192,1.8607607608
2014-04-11,14,13.2921795807,1.7770770771
2014-04-12,23,13.1407906633,1.7
2014-04-13,10,12.9894972912,1.6368243243
2014-04-14,10,12.8383153886,1.5716216216
2014-04-15,10,12.6872608798,1.5206081081
2014-04-16,10,12.536349689,1.5
2014-04-17,10,12.3855977405,1.5777777778
2014-04-18,10,12.2350209583,1.7222222222
2014-04-19,10,12.0846352668,1.8
2014-04-20,10,11.9344565902,1.6
2014-04-21,10,11.7845008527,1.7
2014-04-22,10,11.6347839785,1.65
2014-04-23,13,11.4853218919,1.6
2014-04-24,14,11.336130517,1.65
2014-04-25,10,11.1872257781,1.7
2014-04-26,13,11.0386235994,1.7
2014-04-27,13,10.8903399051,1.7
2014-04-28,12,10.7423906194,1.7
2014-04-29,12,10.5947916667,1.7
2014-04-30,10,10.447558971,1.7
2014-05-01,13,10.3007084566,1.7
2014-05-02,10,10.1542560478,1.7
2014-05-03,22,10.0082176687,1.7
2014-05-04,12,9.8626092436,1.7
2014-05-05,10.5833333333,9.7174466967,1.7
2014-05-06,10,9.5727459522,1.7
2014-05-07,15,9.4285229343,1.7
2014-05-08,14,9.2847935673,1.7
2014-05-09,15,9.1415737754,1.7
2014-05-10,11,8.9988794828,1.7
2014-05-11,14,8.8567266137,1.7
2014-05-12,15,8.7151310923,1.7
2014-05-13,9,8.5741088429,1.7
2014-05-14,10,8.4336757897,1.7
2014-05-15,13.13671875,8.2938478569,1.7
2014-05-16,15.5,8.1546409687,1.7
2014-05-17,15,8.0160710494,1.7
2014-05-18,15,7.8781540232,1.7
2014-05-19,10,7.7409058142,1.7
2014-05-20,14,7.6043423468,1.7
2014-05-21,13,7.4684795451,1.7
2014-05-22,13,7.3333333333,1.7
2014-05-23,13,7.1989196358,1.7
2014-05-24,15,7.0652543766,1.7
2014-05-25,10,6.93235348,2
2014-05-26,10,6.8002328703,2.7
2014-05-27,22,6.6689084717,2.5653051788
2014-05-28,13,6.5383962083,2.2658138101
2014-05-29,10,6.4087120045,1.9584155364
2014-05-30,10,6.2798717843,1.8
2014-05-31,12,6.1518914722,1.7686266064
2014-06-01,11,6.0247869921,1.7379105083
2014-06-02,10,5.8985742685,1.7080749692
2014-06-03,13,5.7732692255,1.6793432525
2014-06-04,12,5.6488877873,1.6519386217
2014-06-05,9,5.5254458782,1.6260843403
2014-06-06,10,5.4029594223,1.6020036717
2014-06-07,22,5.281444344,1.5799198794
2014-06-08,10,5.1609165674,1.5600562269
2014-06-09,13,5.0413920167,1.5426359775
2014-06-10,22,4.9228866161,1.5278823949
2014-06-11,12,4.80541629,1.5160187423
2014-06-12,14,4.6889969624,1.5072682833
2014-06-13,16,4.5736445577,1.5018542814
2014-06-14,13,4.459375,1.5
2014-06-15,11,4.3462042136,1.6296296296
2014-06-16,13,4.2341481227,1.8703703704
2014-06-17,13,4.1232226514,2
2014-06-18,11,4.0134437241,1.5
2014-06-19,10,3.904827265,1.6
2014-06-20,13,3.7973891982,1.7
2014-06-21,15,3.6911454481,1.5
2014-06-22,13,3.5861119387,1.5
2014-06-23,10,3.4823045944,1.7
2014-06-24,14,3.3797393393,1.7
2014-06-25,13.72303207,3.2784320978,1.7
2014-06-26,13.0087463557,3.1783987939,1.7
2014-06-27,12.0320699708,3.0796553519,1.7
2014-06-28,10.9679300292,2.9822176961,1.7
2014-06-29,9.9912536443,2.8861017506,1.6355263158
2014-06-30,9.27696793,2.7913234398,1.5
2014-07-01,9,2.6978986877,1.2
2014-07-02,12,2.6058434187,1.2
2014-07-03,14,2.5151735569,1.35
2014-07-04,14,2.4259050266,1.5
2014-07-05,11,2.338053752,1.5
2014-07-06,10,2.2516356572,1.6
2014-07-07,14,2.1666666667,1.55
2014-07-08,11,2.0831627045,1.5
2014-07-09,15,2.0011396948,1.5
2014-07-10,14,1.920613562,1.5
2014-07-11,14,1.8416002301,1.5
2014-07-12,12,1.7641156235,1.5
2014-07-13,14,1.6881756664,1.7
2014-07-14,14,1.613796283,1.5
2014-07-15,11,1.5409933974,1.7
2014-07-16,11,1.469782934,1.5
2014-07-17,11.5,1.400180817,1.5
2014-07-18,12,1.3322029705,1.5
2014-07-19,10,1.2658653188,1.5
2014-07-20,11,1.2011837861,1.5
2014-07-21,12,1.1381742966,1.2
2014-07-22,11,1.0768527746,1.5
2014-07-23,12,1.0172351442,1.5
2014-07-24,13,0.9593373298,1.5
2014-07-25,10,0.9031752555,1.5
2014-07-26,11,0.8487648455,1.5
2014-07-27,9,0.7961220241,1.5
2014-07-28,9.5,0.7452627154,1.2
2014-07-29,10,0.6962028438,1.35
2014-07-30,13,0.6489583333,1.5
2014-07-31,11,0.6035451084,1.5
2014-08-01,12,0.559979093,1.5
2014-08-02,10,0.5182762116,1.5
2014-08-03,10,0.4784523883,1.2
2014-08-04,10,0.4405235473,1.2
2014-08-05,10,0.4045056129,1.4
2014-08-06,10,0.3704145092,1.5
2014-08-07,10,0.3382661605,1.5
2014-08-08,12.5,0.3080764911,1.5
2014-08-09,12,0.279861425,1.5
2014-08-10,11,0.2536368867,1.5
2014-08-11,11.2,0.2294188002,1.5
2014-08-12,10,0.2072230898,1.2
2014-08-13,13,0.1870656797,1.5
2014-08-14,12,0.1689624942,1.5
2014-08-15,10,0.1529294574,1.5
2014-08-16,8,0.1389824936,1.5
2014-08-17,8,0.1271375271,1.45
2014-08-18,8,0.1174104819,1.4
2014-08-19,10,0.1098172824,1.5
2014-08-20,8,0.1043738528,1.4
2014-08-21,11,0.1010961172,1.5
2014-08-22,10,0.1,1.6
2014-08-23,10,0.1,1.6
2014-08-24,8,0.1,1.55
2014-08-25,13,0.1,1.5
2014-08-26,10,0.1,1.5
2014-08-27,9,0.1,1.6
2014-08-28,12,0.1,1.589695946
2014-08-29,11,0.1,1.5641891892
2014-08-30,11,0.1,1.5315878378
2014-08-31,12,0.1,1.5
2014-09-01,12,0.1,1.4614614615
2014-09-02,14,0.1,1.4196196196
2014-09-03,11,0.1,1.4
2014-09-04,11,0.1,1.45
2014-09-05,11.5,0.1,1.5
2014-09-06,12,0.1,1.4
2014-09-07,13,0.1,1.5
2014-09-08,12,0.1,1.5
2014-09-09,11.5,0.1,1.5
2014-09-10,12,0.1,1.4
2014-09-11,12,0.1,1.45
2014-09-12,11,0.1,1.5
2014-09-13,11.3392857143,0.1,1.5
2014-09-14,12,0.1,1.5
2014-09-15,13,0.1,1.5
2014-09-16,11,0.1,1.5
2014-09-17,9.078125,0.1,1.5
2014-09-18,8,0.1,1.5
2014-09-19,16,0.1,1.5
2014-09-20,10,0.1,1.5
2014-09-21,8,0.1,1.5
2014-09-22,12,0.1,1.5
2014-09-23,7,0.1,1.55
2014-09-24,9,0.1,1.6
2014-09-25,12,0.1,1.55
2014-09-26,12.5,0.1,1.5
2014-09-27,10,0.1,1.5
2014-09-28,8,0.1,1.8
2014-09-29,9,0.1,1.8374371537
2014-09-30,10,0.1,1.8657355389
2014-10-01,14,0.1,1.8886052717
2014-10-02,10,0.1,1.9097564681
2014-10-03,13,0.1,1.9328992443
2014-10-04,13,0.1,1.9617437162
2014-10-05,13,0.1,2
2014-10-06,13,0.1,2.5
2014-10-07,14,0.1,2
2014-10-08,10,0.1,2.1037037037
2014-10-09,11,0.1,2.2962962963
2014-10-10,12,0.1,2.4
2014-10-11,11.7407407407,0.1,1.5
2014-10-12,11.2592592593,0.1,1
2014-10-13,11,0.1,1.2
2014-10-14,11.5,0.1,1.5
2014-10-15,12,0.1,1.2
2014-10-16,10,0.1,1.0966165414
2014-10-17,10.3392857143,0.1,1
2014-10-18,11,0.1,0.8
2014-10-19,12,0.1,1
2014-10-20,12,0.1,1.2
2014-10-21,11,0.1,1.4
2014-10-22,12,0.1,1.2
2014-10-23,11.4814814815,0.1,1.275
2014-10-24,10.5185185185,0.1,1.4
2014-10-25,10,0.1,1.5
2014-10-26,14,0.1,1.5
2014-10-27,13.6985294118,0.1,1.5
2014-10-28,13,0.1,1.6
2014-10-29,10,0.1,1.5
2014-10-30,12.5,0.1,1.5
2014-10-31,11.25,0.1,1.5
2014-11-01,10,0.1,1.35
2014-11-02,12,0.1,1.2
2014-11-03,11.5,0.1,1.2763593381
2014-11-04,12,0.1,1.4860520095
2014-11-05,11,0.1,1.8
2014-11-06,10,0.1,5.2390957447
2014-11-07,11,0.1,8.5
2014-11-08,10,0.1,1.6
2014-11-09,10,0.1,1.6
2014-11-10,8,0.1,1.6
2014-11-11,11,0.1,2
2014-11-12,10,0.1,2.5
2014-11-13,12,0.1,2.1888888889
2014-11-14,10,0.1,1.8
2014-11-15,12,0.1,1.6611111111
2014-11-16,11,0.1,1.6
2014-11-17,10,0.1,1.8
2014-11-18,13,0.1,1.7
2014-11-19,12.5,0.1,1.6
2014-11-20,12.3804712235,0.1,1.5339285714
2014-11-21,12.295607219,0.1,1.5
2014-11-22,12.2205076027,0.1,1.7
2014-11-23,12.1302719909,0.1,1.8
2014-11-24,12,0.1,1.7
2014-11-25,10,0.1,1.5
2014-11-26,10,0.1,1.6
2014-11-27,11,0.1,1.5
2014-11-28,11.5,0.1,1.4
2014-11-29,11,0.1,1.5
2014-11-30,10,0.1,1.6
2014-12-01,11,0.1,1.6541913044
2014-12-02,10,0.1,1.7079652174
2014-12-03,12,0.1,1.7546434783
2014-12-04,11.6,0.1,1.7875478261
2014-12-05,10.6615384615,0.1,1.8
2014-12-06,10,0.1,1.5
2014-12-07,12,0.1,1.8
2014-12-08,14.2,0.1,1.8
2014-12-09,11.2,0.1,1.8
2014-12-10,12.5,0.1,1.6
2014-12-11,12,0.1,1.7
2014-12-12,14,0.1,1.8
2014-12-13,13,0.1,1.7
2014-12-14,10.5,0.1,1.7
2014-12-15,11,0.1,1.2
2014-12-16,11,0.1,0.7
2014-12-17,11,0.1,1.5
2014-12-18,11,0.1,1.775
2014-12-19,13,0.1,1.9
2014-12-20,12,0.1,1.8
2014-12-21,11,0.1,1.7
2014-12-22,11.5,0.1,1.8
2014-12-23,9,0.1,1.7
2014-12-24,12,0.1,1.9
2014-12-25,9,0.1,1.9
2014-12-26,12.2,0.1,1.9
2014-12-27,7,0.1,1.9
2014-12-28,12.2,0.1,2
2014-12-29,11,0.1,2
2014-12-30,10,0.1,2
2014-12-31,11,0.1,1.9481481482
2015-01-01,11.5,0.1,1.8518518519
2015-01-02,8,0.1,1.8
2015-01-03,14.3,0.1,1.8
2015-01-04,10,0.1,1.6
2015-01-05,11.4,0.1,2
2015-01-06,14.2,0.1,1.6
2015-01-07,11.4,0.1,2
2015-01-08,11.4,0.1,2.2642857143
2015-01-09,11.2,0.1,2.4
2015-01-10,11,0.1,2
2015-01-11,11.5,0.1,2.4
2015-01-12,12,0.1,2
2015-01-13,11.6,0.1,2.4
2015-01-14,12.9,0.1,2.6678362573
2015-01-15,14.2,0.1,2.9005847953
2015-01-16,11.4,0.1,3
2015-01-17,11.3,0.1,2
2015-01-18,11,0.1,2
2015-01-19,11,0.1,2.2
2015-01-20,11.2,0.1,2.4
2015-01-21,10,0.1,2
2015-01-22,11,0.1,2.05
2015-01-23,14.4,0.1,2.1
2015-01-24,12,0.1,2
2015-01-25,11.3,0.1,1.9
2015-01-26,8,0.1,2.15
2015-01-27,11,0.1,2.4
2015-01-28,11.3,0.1,2
2015-01-29,10,0.1,2.3392857143
2015-01-30,12.2,0.1,3
2015-01-31,11.2,0.1,4
2015-02-01,11.2,0.1,4
2015-02-02,11,0.1,2
2015-02-03,11,0.1,1.5
2015-02-04,10,0.1,1.6
2015-02-05,8,0.1,2.0428571429
2015-02-06,12,0.1,2.4
2015-02-07,12,0.1,2.4
2015-02-08,10,0.1,2
2015-02-09,10,0.1,1.8
2015-02-10,10,0.1,1.6
2015-02-11,10.5,0.1,2.4
2015-02-12,11,0.1,2.4171805975
2015-02-13,10.53125,0.1,2.433676617
2015-02-14,9.5,0.1,2.4491311471
2015-02-15,8.46875,0.1,2.4631872761
2015-02-16,8,0.1,2.4754880925
2015-02-17,11.4,0.1,2.4856766847
2015-02-18,12,0.1,2.493396141
2015-02-19,9,0.1,2.49828955
2015-02-20,11,0.1,2.5
2015-02-21,11.4881578947,0.1,2.448
2015-02-22,11.7,0.1,2.324
2015-02-23,10,0.1,2.176
2015-02-24,14.4,0.1,2.052
2015-02-25,11.2,0.1,2
2015-02-26,13.2,0.1,2.005931713
2015-02-27,14.4,0.1,2.0228324916
2015-02-28,14.8,0.1,2.0493607955
2015-03-01,12.3,0.1,2.0841750842
2015-03-02,12.2,0.1,2.1259338173
2015-03-03,11.8098765432,0.1,2.1732954546
2015-03-04,11.2716049383,0.1,2.2249184554
2015-03-05,11,0.1,2.2794612795
2015-03-06,12.7,0.1,2.3355823864
2015-03-07,11,0.1,2.3919402357
2015-03-08,11,0.1,2.447193287
2015-03-09,14.4,0.1,2.5
2015-03-10,13.9068226121,0.1,2.5756392046
2015-03-11,12.9247563353,0.1,2.6755681818
2015-03-12,12.2,0.1,2.7627130682
2015-03-13,12,0.1,2.8
2015-03-14,10,0.1,2
2015-03-15,11.2,0.1,1.5
2015-03-16,11.2,0.1,2
2015-03-17,7.8,0.1,2.4
2015-03-18,14.4,0.1,2.2962962963
2015-03-19,11.5,0.1,2.1037037037
2015-03-20,14,0.1,2
2015-03-21,14,0.1,2.2
2015-03-22,11.5,0.1,2.4
2015-03-23,9,0.1,2.3871995159
2015-03-24,12.3,0.1,2.3518895429
2015-03-25,12.4439349112,0.1,2.2987072996
2015-03-26,12.5,0.1,2.232290005
2015-03-27,9,0.1,2.1572748776
2015-03-28,8.8980362913,0.1,2.0782991364
2015-03-29,8.8267959234,0.1,2
2015-03-30,8.8,0.1,1.8308962264
2015-03-31,10.7,0.1,1.7
2015-04-01,12.6,0.1,1.7194876132
2015-04-02,12.2,0.1,1.7611974486
2015-04-03,10,0.1,1.8
2015-04-04,11.2,0.1,1.8298134739
2015-04-05,9,0.1,1.8611618993
2015-04-06,12.6,0.1,1.8938245031
2015-04-07,10,0.1,1.9275805127
2015-04-08,12.2,0.1,1.9622091549
2015-04-09,11.1111111111,0.1,1.997489657
2015-04-10,9.0888888889,0.1,2.033201246
2015-04-11,8,0.1,2.0691231491
2015-04-12,12,0.1,2.1050345933
2015-04-13,7.7,0.1,2.1407148057
2015-04-14,9.4943014706,0.1,2.1759430135
2015-04-15,12,0.1,2.2104984437
2015-04-16,13,0.1,2.2441603235
2015-04-17,13,0.1,2.2767078799
2015-04-18,13,0.1,2.3079203401
2015-04-19,11.5,0.1,2.3375769311
2015-04-20,10,0.1,2.3654568801
2015-04-21,11,0.1,2.3913394141
2015-04-22,12,0.1,2.4150037602
2015-04-23,9,0.1,2.4362291456
2015-04-24,9,0.1,2.4547947974
2015-04-25,9,0.1,2.4704799426
2015-04-26,9,0.1,2.4830638084
2015-04-27,12,0.1,2.4923256218
2015-04-28,12.3,0.1,2.49804461
2015-04-29,11.8424342105,0.1,2.5
2015-04-30,11,0.1,2.4896
2015-05-01,10,0.1,2.4648
2015-05-02,11.2,0.1,2.4352
2015-05-03,14.4,0.1,2.4104
2015-05-04,12,0.1,2.4
2015-05-05,14.4,0.1,2.4
2015-05-06,11.3,0.1,2.4
2015-05-07,13.3,0.1,2.4
2015-05-08,12,0.1,2.4
2015-05-09,11.2,0.1,2.4
2015-05-10,11.0076530612,0.1,3.5
2015-05-11,10.8,0.1,2.95
2015-05-12,9,0.1,2.4
2015-05-13,11,0.1,2.5555555556
2015-05-14,11.4862096139,0.1,2.8444444444
2015-05-15,11.854215918,0.1,3
2015-05-16,12,0.1,2.7
2015-05-17,10,0.1,5.05
2015-05-18,12,0.1,7.4
2015-05-19,12,0.1,2.2
2015-05-20,12,0.1,2.1221735669
2015-05-21,10,0.1,2.0585987261
2015-05-22,12,0.1,2.0157245223
2015-05-23,12,0.1,2
2015-05-24,12,0.1,2.1296296296
2015-05-25,12,0.1,2.3703703704
2015-05-26,8,0.1,2.5
2015-05-27,12,0.1,1.8
2015-05-28,11,0.1,1.8642857143
2015-05-29,11.5,0.1,2
2015-05-30,12,0.1,2.2053571429
2015-05-31,12.7,0.1,2.5
2015-06-01,12.6,0.1,3
2015-06-02,12,0.1,2.86
2015-06-03,12.2,0.1,2.6
2015-06-04,14,0.1,2.24
2015-06-05,12,0.1,2
2015-06-06,12,0.1,2
2015-06-07,12,0.1,2.4
2015-06-08,12.8,0.1,2.4
2015-06-09,10,0.1,2.41953125
2015-06-10,12.3,0.1,2.46875
2015-06-11,13,0.1,2.53359375
2015-06-12,12,0.1,2.6
2015-06-13,12.2,0.1,2.7
2015-06-14,11,0.1,2.6481481482
2015-06-15,10.4919642857,0.1,2.5185185185
2015-06-16,10,0.1,2.35
2015-06-17,9,0.1,2.1814814815
2015-06-18,10,0.1,2.0518518519
2015-06-19,12.3,0.1,2
2015-06-20,12.3,0.1,2.1296296296
2015-06-21,10,0.1,2.3703703704
2015-06-22,12,0.1,2.5
2015-06-23,9,0.1,2.2962962963
