,0,1
2006-01-01,7.1,1476.5
2006-01-02,7.1,1476.5
2006-01-03,7.1,1891.3
2006-01-04,7.1,1587.9
2006-01-05,7.1,1874.7
2006-01-06,7.1,1829.075
2006-01-07,7.1,1728.7
2006-01-08,7.1,1628.325
2006-01-09,7.1,1582.7
2006-01-10,7.1,1584.64960937
2006-01-11,7.1,1590.159375
2006-01-12,7.1,1598.72070313
2006-01-13,7.1,1609.825
2006-01-14,7.1,1622.96367188
2006-01-15,7.1,1637.628125
2006-01-16,7.1,1653.30976562
2006-01-17,7.1,1669.5
2006-01-18,7.1,1685.69023437
2006-01-19,7.1,1701.371875
2006-01-20,7.1,1716.03632812
2006-01-21,7.1,1729.175
2006-01-22,7.1,1740.27929688
2006-01-23,7.1,1748.840625
2006-01-24,7.1,1754.35039062
2006-01-25,7.1,1756.3
2006-01-26,7.1,1744.73430515
2006-01-27,7.1,1711.55403304
2006-01-28,7.1,1659.03440233
2006-01-29,7.1,1589.45063168
2006-01-30,7.1,1505.07793975
2006-01-31,7.1,1408.19154519
2006-02-01,7.1,1301.06666667
2006-02-02,7.1,1185.97852284
2006-02-03,7.1,1065.20233236
2006-02-04,7.1,941.013313897
2006-02-05,7.1,815.686686103
2006-02-06,7.1,691.497667638
2006-02-07,7.1,570.721477162
2006-02-08,7.1,455.633333333
2006-02-09,7.1,348.50845481
2006-02-10,7.1,251.622060253
2006-02-11,7.1,167.249368319
2006-02-12,7.1,97.6655976676
2006-02-13,7.1,45.1459669582
2006-02-14,7.1,11.9656948494
2006-02-15,7.1,0.4
2006-02-16,7.1,0.906748175689
2006-02-17,7.1,2.32826082887
2006-02-18,7.1,4.51644014872
2006-02-19,7.1,7.32318832441
2006-02-20,7.1,10.6004075451
2006-02-21,7.1,14.2
2006-02-22,7.1,1336.9
2006-02-23,5.75030237422,1279.5453125
2006-02-24,4.4,1128.3375
2006-02-25,4.35915815706,914.5609375
2006-02-26,4.31867729059,669.5
2006-02-27,4.27857204139,424.4390625
2006-02-28,4.23885705022,210.6625
2006-03-01,4.19954695789,59.4546875
2006-03-02,4.16065640517,2.1
2006-03-03,4.12220003284,6.41325597605
2006-03-04,4.08419248169,18.9470704006
2006-03-05,4.04664839251,39.0925130182
2006-03-06,4.00958240607,66.2406535733
2006-03-07,3.97300916316,99.7825618107
2006-03-08,3.93694330457,139.109307475
2006-03-09,3.90139947107,183.61196031
2006-03-10,3.86639230346,232.681590061
2006-03-11,3.83193644251,285.709266473
2006-03-12,3.798046529,342.086059289
2006-03-13,3.76473720374,401.203038255
2006-03-14,3.73202310748,462.451273115
2006-03-15,3.69991888103,525.221833614
2006-03-16,3.66843916517,588.905789495
2006-03-17,3.63759860067,652.894210505
2006-03-18,3.60741182832,716.578166386
2006-03-19,3.5778934889,779.348726885
2006-03-20,3.54905822321,840.596961745
2006-03-21,3.52092067202,899.713940711
2006-03-22,3.49349547611,956.090733527
2006-03-23,3.46679727628,1009.11840994
2006-03-24,3.4408407133,1058.18803969
2006-03-25,3.41564042796,1102.69069253
2006-03-26,3.39121106104,1142.01743819
2006-03-27,3.36756725332,1175.55934643
2006-03-28,3.34472364559,1202.70748698
2006-03-29,3.32269487864,1222.8529296
2006-03-30,3.30149559324,1235.38674402
2006-03-31,3.28114043018,1239.7
2006-04-01,3.26164403025,1236.73047697
2006-04-02,3.24302103422,1228.05255044
2006-04-03,3.22528608289,1214.01218426
2006-04-04,3.20845381703,1194.95534227
2006-04-05,3.19253887743,1171.22798834
2006-04-06,3.17755590487,1143.1760863
2006-04-07,3.16351954014,1111.1456
2006-04-08,3.15044442402,1075.48249329
2006-04-09,3.13834519729,1036.53273003
2006-04-10,3.12723650074,994.642274052
2006-04-11,3.11713297516,950.157089213
2006-04-12,3.10804926131,903.423139359
2006-04-13,3.1,854.786388338
2006-04-14,3.09248412562,804.5928
2006-04-15,3.08499185543,753.188338192
2006-04-16,3.0775247545,700.918966764
2006-04-17,3.07008438792,648.130649563
2006-04-18,3.06267232074,595.169350437
2006-04-19,3.05529011806,542.381033236
2006-04-20,3.04793934494,490.111661808
2006-04-21,3.04062156646,438.7072
2006-04-22,3.03333834768,388.513611662
2006-04-23,3.02609125369,339.876860641
2006-04-24,3.01888184955,293.142910787
2006-04-25,3.01171170035,248.657725948
2006-04-26,3.00458237116,206.767269971
2006-04-27,2.99749542704,167.817506706
2006-04-28,2.99045243308,132.1544
2006-04-29,2.98345495434,100.123913703
2006-04-30,2.97650455591,72.0720116618
2006-05-01,2.96960280285,48.3446577259
2006-05-02,2.96275126024,29.2878157434
2006-05-03,2.95595149316,15.2474495627
2006-05-04,2.94920506667,6.56952303207
2006-05-05,2.94251354586,3.6
2006-05-06,2.93587849579,518.92962963
2006-05-07,2.92930148154,1475.97037037
2006-05-08,2.92278406818,1991.3
2006-05-09,2.9163278208,1974.93843461
2006-05-10,2.90993430445,1929.29871865
2006-05-11,2.90360508422,1859.54832248
2006-05-12,2.89734172518,1770.85471644
2006-05-13,2.8911457924,1668.38537086
2006-05-14,2.88501885096,1557.30775608
2006-05-15,2.87896246593,1442.78934245
2006-05-16,2.87297820238,1329.99760031
2006-05-17,2.8670676254,1224.1
2006-05-18,2.86123230005,1108.36660517
2006-05-19,2.8554737914,968.33945901
2006-05-20,2.84979366454,812.594001174
2006-05-21,2.84419348453,649.705671311
2006-05-22,2.83867481645,488.249909071
2006-05-23,2.83323922538,336.802154106
2006-05-24,2.82788827638,203.937846065
2006-05-25,2.82262353454,98.2324246003
2006-05-26,2.81744656492,28.2613293617
2006-05-27,2.81235893259,2.6
2006-05-28,2.80736220264,2.18994079716
2006-05-29,2.80245794014,2.03408150969
2006-05-30,2.79764771016,1.8
2006-05-31,2.79293307778,0.8
2006-06-01,2.78831560806,141.3976
2006-06-02,2.78379686609,476.6688
2006-06-03,2.77937841693,876.8312
2006-06-04,2.77506182567,1212.1024
2006-06-05,2.77084865737,1352.7
2006-06-06,2.76674047711,1350.36346523
2006-06-07,2.76273884996,1343.78638071
2006-06-08,2.758845341,1333.61752609
2006-06-09,2.7550615153,1320.50568104
2006-06-10,2.75138893793,1305.09962524
2006-06-11,2.74782917398,1288.04813833
2006-06-12,2.7443837885,1270.0
2006-06-13,2.74105434659,1043.1
2006-06-14,2.7378424133,0.6
2006-06-15,2.73474955372,0.66713708053
2006-06-16,2.73177733292,0.853411241591
2006-06-17,2.72892731597,1.13611686239
2006-06-18,2.72620106795,1.49254832212
2006-06-19,2.72360015392,1.9
2006-06-20,2.72112613898,1150.1
2006-06-21,2.71878058818,1191.77613338
2006-06-22,2.7165650666,1224.0
2006-06-23,2.71448113932,1290.0
2006-06-24,2.71253037142,1253.8884
2006-06-25,2.71071432795,1155.8712
2006-06-26,2.70903457401,1011.4248
2006-06-27,2.70749267466,836.0256
2006-06-28,2.70609019497,645.15
2006-06-29,2.70482870002,454.2744
2006-06-30,2.70370975489,278.8752
2006-07-01,2.70273492465,134.4288
2006-07-02,2.70190577437,36.4116
2006-07-03,2.70122386913,0.3
2006-07-04,2.700690774,0.311331668704
2006-07-05,2.70030805405,0.343981828118
2006-07-06,2.70007727436,0.395933208196
2006-07-07,2.7,0.465168538892
2006-07-08,2.70432930957,0.549670550158
2006-07-09,2.71662906137,0.647421971949
2006-07-10,2.73586699007,0.756405534217
2006-07-11,2.76101083032,0.874603966916
2006-07-12,2.79102831679,1.0
2006-07-13,2.82488718412,594.932080602
2006-07-14,2.86155516697,1188.8
2006-07-15,2.9,0.3
2006-07-16,3.7,936.0
2006-07-17,3.492,979.73344722
2006-07-18,2.996,996.8
2006-07-19,2.404,988.080416464
2006-07-20,1.908,965.739554907
2006-07-21,1.7,935.504248906
2006-07-22,1.71511948529,903.101332037
2006-07-23,1.75698529412,874.257637876
2006-07-24,1.82035845588,854.7
2006-07-25,1.9,841.515040344
2006-07-26,2.09025882353,828.0733564
2006-07-27,2.41954117647,814.527745076
2006-07-28,2.78369411765,801.031003281
2006-07-29,3.07856470588,787.735927926
2006-07-30,3.2,774.795315918
2006-07-31,1.5,762.361964168
2006-08-01,1.73333333333,750.588669583
2006-08-02,2.2,739.628229075
2006-08-03,3.0,729.633439551
2006-08-04,2.3,720.757097921
2006-08-05,1.8739943662,713.152001094
2006-08-06,1.44474366197,706.970945979
2006-08-07,1.06849577465,702.366729486
2006-08-08,0.801498591549,699.492148523
2006-08-09,0.7,698.5
2006-08-10,1.7,946.6
2006-08-11,2.173046875,1515.1
2006-08-12,2.4,1730.29106474
2006-08-13,1.95,1829.6
2006-08-14,1.5,344.3
2006-08-15,2.15,671.369026783
2006-08-16,2.8,1029.7
2006-08-17,1.95,1066.93991509
2006-08-18,1.1,1098.5
2006-08-19,1.6,1211.09105812
2006-08-20,6.4,1298.1
2006-08-21,1.4,1179.7
2006-08-22,4.8,1125.9
2006-08-23,7.4,1046.2
2006-08-24,7.22210726351,980.3
2006-08-25,6.74543918919,1219.2
2006-08-26,6.05551097973,1154.35925926
2006-08-27,5.23783783784,1033.94074074
2006-08-28,4.37793496622,969.1
2006-08-29,3.56131756757,1031.2
2006-08-30,2.87350084459,1042.5
2006-08-31,2.4,966.3
2006-09-01,2.15015592516,1202.6
2006-09-02,2.0,1120.16423009
2006-09-03,1.9,947.8
2006-09-04,1.912890625,577.2
2006-09-05,1.946875,576.9
2006-09-06,1.994921875,348.0
2006-09-07,2.05,671.01924524
2006-09-08,2.105078125,1060.8
2006-09-09,2.153125,1176.33075476
2006-09-10,2.187109375,1225.1
2006-09-11,2.2,1103.55
2006-09-12,2.184775,982.0
2006-09-13,2.1412,1057.9
2006-09-14,2.072425,1079.4
2006-09-15,1.9816,1199.5
2006-09-16,1.871875,1168.9068198
2006-09-17,1.7464,1094.13245941
2006-09-18,1.608325,1000.68468911
2006-09-19,1.4608,914.071279208
2006-09-20,1.306975,859.8
2006-09-21,1.15,835.47670163
2006-09-22,0.993025,818.563253406
2006-09-23,0.8392,804.351454367
2006-09-24,0.691675,788.133103551
2006-09-25,0.5536,765.2
2006-09-26,0.428125,657.0
2006-09-27,0.3184,733.3
2006-09-28,0.227575,752.4
2006-09-29,0.1588,752.808575843
2006-09-30,0.115225,753.09317681
2006-10-01,0.1,753.2
2006-10-02,0.143981039198,550.4
2006-10-03,0.267943117593,509.3
2006-10-04,0.45991467639,678.2
2006-10-05,0.707924156791,708.9
2006-10-06,1.0,1012.5
2006-10-07,2.04944165907,1066.79782024
2006-10-08,3.95505925251,1089.6
2006-10-09,5.78314721969,915.1
2006-10-10,6.6,868.8
2006-10-11,6.2,797.70846722
2006-10-12,5.82667370601,752.7
2006-10-13,5.41729404837,895.8
2006-10-14,4.98694905273,875.991383812
2006-10-15,4.55072674478,833.1
2006-10-16,4.12371515016,720.3
2006-10-17,3.72100229456,730.2
2006-10-18,3.35767620363,713.2
2006-10-19,3.04882490304,757.4
2006-10-20,2.80953641846,622.3
2006-10-21,2.65489877556,391.57167345
2006-10-22,2.6,241.4
2006-10-23,5.95,333.8
2006-10-24,9.3,293.95
2006-10-25,5.8,254.1
2006-10-26,2.3,344.7
2006-10-27,2.4,754.5
2006-10-28,2.2,779.75692177
2006-10-29,5.2,789.7
2006-10-30,8.1,688.2
2006-10-31,6.74703791469,681.1
2006-11-01,4.3,715.8
2006-11-02,1.6,826.4
2006-11-03,0.7,834.7
2006-11-04,3.2,846.150557325
2006-11-05,4.4,853.2
2006-11-06,1.7,607.1
2006-11-07,1.6,607.85
2006-11-08,2.0,608.6
2006-11-09,1.7,581.2
2006-11-10,1.4,652.6
2006-11-11,3.25,623.75
2006-11-12,5.1,594.9
2006-11-13,3.0,655.7
2006-11-14,0.9,647.2
2006-11-15,1.2,636.6
2006-11-16,1.5,629.8
2006-11-17,1.0,615.1
2006-11-18,1.95,634.493418761
2006-11-19,2.9,672.3
2006-11-20,2.15,729.8
2006-11-21,1.4,364.95
2006-11-22,2.2,0.1
2006-11-23,2.34090909091,338.3
2006-11-24,2.4,676.5
2006-11-25,2.334765625,674.319984974
2006-11-26,2.159375,668.342524418
2006-11-27,1.904296875,659.411495116
2006-11-28,1.6,648.370773854
2006-11-29,1.276953125,636.064237415
2006-11-30,0.965625,623.335762585
2006-12-01,0.696484375,611.029226146
2006-12-02,0.5,599.988504884
2006-12-03,0.355555555556,591.057475582
2006-12-04,0.244444444444,585.080015026
2006-12-05,0.2,582.9
2006-12-06,0.5,677.1
2006-12-07,0.7,571.6
2006-12-08,0.5,759.6
2006-12-09,1.2,779.545783133
2006-12-10,0.4,787.6
2006-12-11,0.1,716.1
2006-12-12,0.8,809.5
2006-12-13,0.7,824.5
2006-12-14,2.1,798.95
2006-12-15,0.6,773.4
2006-12-16,0.6,868.85
2006-12-17,0.7,964.3
2006-12-18,0.6,905.8
2006-12-19,6.0,943.0
2006-12-20,1.2,750.7
2006-12-21,1.2,598.2
2006-12-22,1.6,846.1
2006-12-23,1.1,850.581182602
2006-12-24,1.0,852.3
2006-12-25,1.1,486.5
2006-12-26,1.16607142857,745.1
2006-12-27,1.2,888.7
2006-12-28,0.7,941.3
2006-12-29,1.7,1091.0
2006-12-30,2.7,984.708008418
2006-12-31,0.6,781.6
2007-01-01,1.3,499.1
2007-01-02,1.8,751.7
2007-01-03,1.3,877.2
2007-01-04,1.1,866.9
2007-01-05,2.8,946.9
2007-01-06,1.45,1027.64335579
2007-01-07,0.1,1073.5
2007-01-08,0.5,874.0
2007-01-09,0.9,1029.2
2007-01-10,0.6,938.5
2007-01-11,1.9,1099.6
2007-01-12,1.6,1367.6
2007-01-13,0.9,1057.55
2007-01-14,2.2,747.5
2007-01-15,1.2,901.1
2007-01-16,2.0,169.5
2007-01-17,1.0,993.5
2007-01-18,3.4,1432.0
2007-01-19,1.1,1730.43273876
2007-01-20,3.8,1990.59970271
2007-01-21,3.0,2101.9
2007-01-22,1.7,1523.5
2007-01-23,1.7,1565.73929178
2007-01-24,4.0,1666.9
2007-01-25,3.11851851852,2269.5
2007-01-26,1.48148148148,2175.625
2007-01-27,0.6,1969.1
2007-01-28,5.6,1762.575
2007-01-29,1.9,1668.7
2007-01-30,1.8,2385.0
2007-01-31,2.3,2273.9
2007-02-01,1.4,1337.5
2007-02-02,1.53571428571,2113.5
2007-02-03,1.8,2131.26569276
2007-02-04,2.2,2138.1
2007-02-05,0.2,1913.2
2007-02-06,2.2,2275.0
2007-02-07,2.1,2236.5
2007-02-08,3.7,2570.3
2007-02-09,7.1,3140.1
2007-02-10,6.71111111111,2920.09259259
2007-02-11,5.98888888889,2511.50740741
2007-02-12,5.6,2291.5
2007-02-13,9.8,3122.6
2007-02-14,4.4,2907.9
2007-02-15,11.8,3152.7
2007-02-16,6.2,2261.3
2007-02-17,3.9,2542.3
2007-02-18,6.6,2823.3
2007-02-19,5.3,2155.1
2007-02-20,6.6,2688.8
2007-02-21,5.5,2150.7
2007-02-22,5.5,2406.3
2007-02-23,8.0,2683.2
2007-02-24,10.2,2678.79259259
2007-02-25,13.2,2670.60740741
2007-02-26,12.95,2666.2
2007-02-27,12.7,3130.5
2007-02-28,14.1,2580.2
2007-03-01,10.2274816176,1827.7
2007-03-02,5.0,2089.6
2007-03-03,3.2,1749.2
2007-03-04,3.4,1408.8
2007-03-05,1.5,2639.0
2007-03-06,3.3,1797.0
2007-03-07,2.82016129032,2004.99510961
2007-03-08,1.9,2414.0
2007-03-09,0.6,3061.3
2007-03-10,5.8,2925.01311912
2007-03-11,4.69716981132,2636.4
2007-03-12,3.0,1970.5
2007-03-13,2.0,1794.5
2007-03-14,5.5,1839.0
2007-03-15,6.5,1881.3
2007-03-16,2.5,2941.0
2007-03-17,5.0,2687.01457299
2007-03-18,3.0,2202.2
2007-03-19,2.4,1531.0
2007-03-20,1.6,1173.35909009
2007-03-21,5.5,997.8
2007-03-22,3.5,1228.9
2007-03-23,3.6,1846.0
2007-03-24,8.1,1774.32293374
2007-03-25,4.8,1634.3
2007-03-26,4.26432432432,1468.14283095
2007-03-27,3.8,1270.8023741
2007-03-28,2.7,1083.9
2007-03-29,6.2,934.0
2007-03-30,3.1,890.079017415
2007-03-31,3.98148148148,856.245064263
2007-04-01,5.61851851852,842.7
2007-04-02,6.5,950.4
2007-04-03,2.2,938.3
2007-04-04,2.7,892.8
2007-04-05,4.9,1255.4
2007-04-06,4.9,995.9
2007-04-07,4.9,1101.6
2007-04-08,4.4,1207.3
2007-04-09,3.9,1195.4
2007-04-10,3.9,1156.9
2007-04-11,3.84814814815,786.4
2007-04-12,3.75185185185,879.8
2007-04-13,3.7,1143.3
2007-04-14,6.3,1090.3954342
2007-04-15,2.6,986.8
2007-04-16,3.5,826.0
2007-04-17,3.5,1415.2
2007-04-18,3.28791055206,2268.0
2007-04-19,2.8535988819,980.3
2007-04-20,2.5,844.9
2007-04-21,2.29693396226,800.266173794
2007-04-22,2.2,765.444198008
2007-04-23,2.5,751.4
2007-04-24,0.3,845.6
2007-04-25,2.4,862.0
2007-04-26,2.61385135135,841.3
2007-04-27,2.7,875.6
2007-04-28,1.9,777.55
2007-04-29,3.4,679.5
2007-04-30,1.5,861.0
2007-05-01,1.6125,787.9
2007-05-02,1.8,714.8
2007-05-03,1.92400990099,1006.1
2007-05-04,2.1,1485.2
2007-05-05,4.0,1415.50074922
2007-05-06,5.9,1260.8
2007-05-07,2.0,783.3
2007-05-08,3.7,1209.6
2007-05-09,3.2,835.2
2007-05-10,2.2,765.897704205
2007-05-11,0.3,736.7
2007-05-12,2.5,958.6
2007-05-13,6.1,1180.5
2007-05-14,1.6,1004.7
2007-05-15,0.9,1013.362386
2007-05-16,1.3,1035.58032756
2007-05-17,0.9,1065.7
2007-05-18,2.4,1240.7
2007-05-19,2.5,1228.91007201
2007-05-20,2.8,1199.0
2007-05-21,4.0,730.3
2007-05-22,3.3,621.8
2007-05-23,2.1,631.4
2007-05-24,1.5,650.1
2007-05-25,3.4,899.4
2007-05-26,5.3,847.794173203
2007-05-27,3.41674311927,743.699457517
2007-05-28,1.1,663.2
2007-05-29,0.6,636.6
2007-05-30,0.9,725.4
2007-05-31,1.03931623932,821.711875441
2007-06-01,1.15299145299,925.771667059
2007-06-02,1.2,1009.09562515
2007-06-03,1.2,1043.2
2007-06-04,1.05869565217,831.4
2007-06-05,0.8,595.4
2007-06-06,0.5,618.160064518
2007-06-07,1.0,672.0
2007-06-08,0.5,952.9
2007-06-09,0.1,952.817365045
2007-06-10,2.4,952.6
2007-06-11,1.6,892.7
2007-06-12,0.8,644.0
2007-06-13,1.1,443.1
2007-06-14,1.2,532.19375
2007-06-15,0.5,728.2
2007-06-16,1.85,924.20625
2007-06-17,3.2,1013.3
2007-06-18,0.3,907.5
2007-06-19,5.3,966.1
2007-06-20,0.8,476.4
2007-06-21,0.1,467.3
2007-06-22,0.271875,476.265078296
2007-06-23,0.65,499.652378815
2007-06-24,1.028125,532.2
2007-06-25,1.2,851.5
2007-06-26,0.5,825.6
2007-06-27,1.1,780.656853762
2007-06-28,1.7,727.862997193
2007-06-29,1.35,685.2
2007-06-30,1.0,663.767082898
2007-07-01,1.5,639.1
2007-07-02,0.3,433.7
2007-07-03,0.1,563.196561455
2007-07-04,0.3,784.4
2007-07-05,0.5,979.0
2007-07-06,0.4,1151.7
2007-07-07,3.3,1025.84302112
2007-07-08,1.4,773.519375574
2007-07-09,0.3,582.6
2007-07-10,0.7,524.5
2007-07-11,1.1,495.2
2007-07-12,0.4,495.2
2007-07-13,0.19237804878,707.1
2007-07-14,0.1,663.381638582
2007-07-15,1.3,599.5
2007-07-16,0.1,557.168361418
2007-07-17,0.2578125,535.0
2007-07-18,0.5,618.4
2007-07-19,0.688671875,660.405980066
2007-07-20,0.884375,680.8
2007-07-21,1.037890625,662.433573487
2007-07-22,1.1,628.4
2007-07-23,0.1,586.9
2007-07-24,0.3,613.8
2007-07-25,0.5,497.8
2007-07-26,0.4,464.5
2007-07-27,0.430147058824,633.4
2007-07-28,0.5,602.7
2007-07-29,0.8,572.0
2007-07-30,1.0,662.1
2007-07-31,1.36136363636,686.1
2007-08-01,1.6,666.7
2007-08-02,1.52644513673,798.5
2007-08-03,1.34177916234,839.565743956
2007-08-04,1.1,871.4050942
2007-08-05,0.2,884.2
2007-08-06,0.259090909091,801.9
2007-08-07,0.4,663.4
2007-08-08,1.2,570.3
2007-08-09,0.2,764.0
2007-08-10,0.7,706.34375
2007-08-11,0.7,579.5
2007-08-12,0.6376,452.65625
2007-08-13,0.4888,395.0
2007-08-14,0.3112,979.0
2007-08-15,0.1624,813.5
2007-08-16,0.1,648.0
2007-08-17,0.5,800.2
2007-08-18,0.1,676.75
2007-08-19,0.8,553.3
2007-08-20,0.2,596.9
2007-08-21,0.2,751.9
2007-08-22,0.977777777778,526.7
2007-08-23,2.42222222222,301.5
2007-08-24,3.2,457.2
2007-08-25,0.8,556.376770804
2007-08-26,2.1,606.9
2007-08-27,0.1,480.8
2007-08-28,0.13125,410.3
2007-08-29,0.208333333333,427.1
2007-08-30,0.30625,386.2
2007-08-31,0.4,514.2
2007-09-01,0.5,639.548837209
2007-09-02,0.3,710.2
2007-09-03,0.3,598.3
2007-09-04,0.3,539.064574701
2007-09-05,0.3,491.9
2007-09-06,0.42962962963,453.8
2007-09-07,0.67037037037,656.3
2007-09-08,0.8,629.898279209
2007-09-09,0.5,578.0
2007-09-10,0.2,496.0
2007-09-11,0.5,439.1
2007-09-12,0.2,328.5
2007-09-13,0.3,415.1
2007-09-14,0.3,466.6
2007-09-15,0.2,490.802529626
2007-09-16,0.2,502.4
2007-09-17,0.2,445.1
2007-09-18,0.5,367.6
2007-09-19,0.569852941176,253.9
2007-09-20,0.6,252.9
2007-09-21,0.4,493.4
2007-09-22,0.2,591.474903543
2007-09-23,0.3,637.3
2007-09-24,0.366071428571,379.8
2007-09-25,0.4,320.1
2007-09-26,0.3,517.25
2007-09-27,0.2,714.4
2007-09-28,0.6,679.866666667
2007-09-29,0.1,615.733333333
2007-09-30,0.9,581.2
2007-10-01,0.1,607.9
2007-10-02,0.7,612.100664381
2007-10-03,0.596296296296,616.7
2007-10-04,0.403703703704,835.9
2007-10-05,0.3,802.9
2007-10-06,0.3,795.524465026
2007-10-07,0.5,787.5
2007-10-08,0.7,696.9
2007-10-09,0.1,857.7
2007-10-10,0.183333333333,849.166127721
2007-10-11,0.3,828.565588775
2007-10-12,0.366666666667,803.4
2007-10-13,0.4,768.605030507
2007-10-14,0.4,715.5
2007-10-15,0.4,592.1
2007-10-16,0.35,622.824432681
2007-10-17,0.3,699.431820483
2007-10-18,0.5,798.573298043
2007-10-19,0.422222222222,896.9
2007-10-20,0.277777777778,1036.28408976
2007-10-21,0.2,1130.6
2007-10-22,0.3,429.7
2007-10-23,0.2,706.2
2007-10-24,0.1,764.490124566
2007-10-25,0.2,818.6
2007-10-26,0.2,975.7
2007-10-27,0.2,1105.63628257
2007-10-28,0.2,1175.9
2007-10-29,0.2,790.3
2007-10-30,0.2,877.7
2007-10-31,0.2,901.9
2007-11-01,0.2,858.1
2007-11-02,0.3,1013.0
2007-11-03,0.2,1002.9283241
2007-11-04,0.1,984.0
2007-11-05,0.3,959.5
2007-11-06,0.321642238109,945.3
2007-11-07,0.342190183314,752.3
2007-11-08,0.360829106594,827.8
2007-11-09,0.376744278925,816.034375
2007-11-10,0.389120971285,790.15
2007-11-11,0.397144454651,764.265625
2007-11-12,0.4,752.5
2007-11-13,0.2,1079.8
2007-11-14,0.13125,1113.1
2007-11-15,0.1,1324.7
2007-11-16,0.4,1632.2
2007-11-17,0.585846728972,1843.52779129
2007-11-18,0.773577570093,1953.0
2007-11-19,0.938385046729,1531.6
2007-11-20,1.05546168224,1743.2
2007-11-21,1.1,1300.4
2007-11-22,0.990732758621,1184.6
2007-11-23,0.8,1135.1
2007-11-24,0.598976293103,921.683050202
2007-11-25,0.368534482759,750.4
2007-11-26,0.178825431034,852.740688682
2007-11-27,0.1,998.7
2007-11-28,0.1,1062.3
2007-11-29,0.303571428571,988.5
2007-11-30,0.7,1243.9
2007-12-01,1.3,1234.8252
2007-12-02,1.05,1210.1936
2007-12-03,0.8,1173.8944
2007-12-04,0.8,1129.8168
2007-12-05,0.8,1081.85
2007-12-06,0.8,1033.8832
2007-12-07,0.8,989.8056
2007-12-08,0.8,953.5064
2007-12-09,0.680681818182,928.8748
2007-12-10,0.5,919.8
2007-12-11,0.4,919.8
2007-12-12,0.5,790.9
2007-12-13,0.6,877.353533312
2007-12-14,0.4,998.0
2007-12-15,0.4,1066.14646669
2007-12-16,0.55,1100.1
2007-12-17,0.7,962.5
2007-12-18,0.7,1091.6
2007-12-19,0.7,1009.0
2007-12-20,0.6,941.377732614
2007-12-21,0.3125,904.9
2007-12-22,0.1,1057.54295536
2007-12-23,0.6,1220.2
2007-12-24,0.5,1239.96849225
2007-12-25,0.561206896552,1258.944655
2007-12-26,0.7,1276.7190529
2007-12-27,1.2,1292.88225063
2007-12-28,1.8,1307.02481285
2007-12-29,2.13967391304,1318.73730423
2007-12-30,2.46304347826,1327.61028943
2007-12-31,2.70489130435,1333.23433314
2008-01-01,2.8,1335.2
2008-01-02,2.0,1328.52901266
2008-01-03,1.85138888889,1310.98303799
2008-01-04,1.71111111111,1286.26255699
2008-01-05,1.5875,1258.06805066
2008-01-06,1.48888888889,1230.1
2008-01-07,1.42361111111,1184.3
2008-01-08,1.4,1266.1
2008-01-09,1.9,1330.06627732
2008-01-10,1.9,1388.89816214
2008-01-11,1.9,1443.7
2008-01-12,1.9,1504.58873239
2008-01-13,1.56296296296,1538.9
2008-01-14,0.937037037037,895.6
2008-01-15,0.6,621.6
2008-01-16,1.3,1001.9
2008-01-17,2.05021097046,1206.3
2008-01-18,2.77510548523,1429.6
2008-01-19,3.1,1595.93915877
2008-01-20,2.85,1683.7
2008-01-21,2.3,1137.2
2008-01-22,1.75,1412.0
2008-01-23,1.5,1164.5
2008-01-24,2.1032,1358.8
2008-01-25,3.5416,1545.5
2008-01-26,5.2584,1528.52224478
2008-01-27,6.6968,1482.3
2008-01-28,7.3,1298.20180991
2008-01-29,7.20740740741,1000.45182812
2008-01-30,6.95925925926,795.4
2008-01-31,6.6,746.8
2008-02-01,6.17407407407,969.8
2008-02-02,5.72592592593,1196.85936884
2008-02-03,5.3,1326.1
2008-02-04,4.94074074074,1195.2
2008-02-05,4.69259259259,1235.4
2008-02-06,4.6,1167.1
2008-02-07,4.60445968085,1335.0
2008-02-08,4.61762137799,1293.578125
2008-02-09,4.6391590733,1202.45
2008-02-10,4.6687467487,1111.321875
2008-02-11,4.70605838605,1069.9
2008-02-12,4.75076796726,1118.7
2008-02-13,4.80254947422,1253.1
2008-02-14,4.86107688881,1319.0
2008-02-15,4.92602419293,1472.82596842
2008-02-16,4.99706536847,1680.69636464
2008-02-17,5.07387439732,1867.66857855
2008-02-18,5.15612526137,1958.8
2008-02-19,5.24349194252,1971.63054434
2008-02-20,5.33564842265,1976.1
2008-02-21,5.43226868365,1977.61059018
2008-02-22,5.53302670742,1979.12494999
2008-02-23,5.63759647585,1980.64089686
2008-02-24,5.74565197083,1982.15624819
2008-02-25,5.85686717425,1983.6688214
2008-02-26,5.970916068,1985.17643392
2008-02-27,6.08747263397,1986.67690315
2008-02-28,6.20621085406,1988.16804652
2008-02-29,6.32680471015,1989.64768144
2008-03-01,6.44892818413,1991.11362533
2008-03-02,6.57225525791,1992.5636956
2008-03-03,6.69645991336,1993.99570968
2008-03-04,6.82121613238,1995.40748497
2008-03-05,6.94619789686,1996.7968389
2008-03-06,7.0710791887,1998.16158888
2008-03-07,7.19553398977,1999.49955234
2008-03-08,7.31923628199,2000.80854667
2008-03-09,7.44186004722,2002.08638932
2008-03-10,7.56307926738,2003.33089768
2008-03-11,7.68256792434,2004.53988918
2008-03-12,7.8,2005.71118123
2008-03-13,7.93951044617,2006.84259126
2008-03-14,8.11946491731,2007.93193667
2008-03-15,8.33088344925,2008.97703489
2008-03-16,8.56478607785,2009.97570333
2008-03-17,8.81219283896,2010.92575941
2008-03-18,9.06412376843,2011.82502054
2008-03-19,9.3115989021,2012.67130415
2008-03-20,9.54563827583,2013.46242764
2008-03-21,9.75726192546,2014.19620844
2008-03-22,9.93748988685,2014.87046397
2008-03-23,10.0773421958,2015.48301163
2008-03-24,10.1678388883,2016.03166885
2008-03-25,10.2,2016.51425304
2008-03-26,9.76877061658,2016.92858163
2008-03-27,8.65508572875,2017.27247202
2008-03-28,7.12895023011,2017.54374164
2008-03-29,5.4603690143,2017.74020789
2008-03-30,3.91934697493,2017.85968821
2008-03-31,2.77588900562,2017.9
2008-04-01,2.3,2016.57189791
2008-04-02,2.24811821442,2012.65486903
2008-04-03,2.19672225179,2006.24982949
2008-04-04,2.14587752555,1997.4576954
2008-04-05,2.09564944914,1986.37938285
2008-04-06,2.046103436,1973.11580798
2008-04-07,1.99730489958,1957.76788688
2008-04-08,1.94931925332,1940.43653567
2008-04-09,1.90221191066,1921.22267047
2008-04-10,1.85604828504,1900.22720737
2008-04-11,1.8108937899,1877.5510625
2008-04-12,1.76681383869,1853.29515197
2008-04-13,1.72387384484,1827.56039188
2008-04-14,1.6821392218,1800.44769835
2008-04-15,1.64167538301,1772.05798749
2008-04-16,1.60254774191,1742.49217541
2008-04-17,1.56482171195,1711.85117823
2008-04-18,1.52856270656,1680.23591205
2008-04-19,1.49383613919,1647.74729298
2008-04-20,1.46070742327,1614.48623714
2008-04-21,1.42924197226,1580.55366064
2008-04-22,1.39950519959,1546.0504796
2008-04-23,1.3715625187,1511.07761011
2008-04-24,1.34547934304,1475.73596829
2008-04-25,1.32132108605,1440.12647027
2008-04-26,1.29915316116,1404.35003213
2008-04-27,1.27904098183,1368.50757001
2008-04-28,1.26104996149,1332.7
2008-04-29,1.24524551358,1043.9
2008-04-30,1.23169305155,840.2
2008-05-01,1.22045798884,840.600286613
2008-05-02,1.21160573888,841.768133122
2008-05-03,1.20520171513,843.654019534
2008-05-04,1.20131133102,846.208425856
2008-05-05,1.2,849.381832095
2008-05-06,4.5,853.124718257
2008-05-07,3.5,857.387564349
2008-05-08,2.5,862.120850377
2008-05-09,2.7,867.275056349
2008-05-10,2.44074074074,872.80066227
2008-05-11,1.95925925926,878.648148148
2008-05-12,1.7,884.767993989
2008-05-13,1.77111343318,891.110679801
2008-05-14,1.95333797748,897.626685589
2008-05-15,2.2,904.26649136
2008-05-16,3.6,910.980577121
2008-05-17,3.2568,917.719422879
2008-05-18,2.4384,924.43350864
2008-05-19,1.4616,931.073314411
2008-05-20,0.6432,937.589320199
2008-05-21,0.3,943.932006011
2008-05-22,0.970703125,950.051851852
2008-05-23,2.0,955.89933773
2008-05-24,2.6,961.424943651
2008-05-25,1.8,966.579149623
2008-05-26,1.878125,971.312435651
2008-05-27,2.05,975.575281743
2008-05-28,2.221875,979.318167905
2008-05-29,2.3,982.491574144
2008-05-30,2.14444444444,985.045980466
2008-05-31,1.75555555556,986.931866878
2008-06-01,1.25,988.099713387
2008-06-02,0.744444444444,988.5
2008-06-03,0.355555555556,971.974074074
2008-06-04,0.2,933.3
2008-06-05,1.4,867.872016461
2008-06-06,2.8,772.59218107
2008-06-07,0.7,666.077777778
2008-06-08,6.1,566.946090535
2008-06-09,3.0,493.814403292
2008-06-10,0.6,465.3
2008-06-11,2.9,727.2
2008-06-12,2.8,617.1
2008-06-13,2.5,1046.3
2008-06-14,1.37727272727,1370.68098114
2008-06-15,0.5,1542.4
2008-06-16,2.2,1140.3
2008-06-17,2.23860083242,784.9
2008-06-18,2.26185482629,451.759078997
2008-06-19,2.3,140.318428388
2008-06-20,3.2,2.7
2008-06-21,3.0,54.075303551
2008-06-22,2.5,185.705910653
2008-06-23,1.85,363.848865979
2008-06-24,1.2,554.761214204
2008-06-25,0.7,724.7
2008-06-26,0.5,915.351088202
2008-06-27,1.15,1031.9
2008-06-28,1.8,918.869275492
2008-06-29,1.2,790.9
2008-06-30,0.6234375,775.5
2008-07-01,0.3,823.2
2008-07-02,0.9,528.5
2008-07-03,1.5,704.3
2008-07-04,1.5,812.11841029
2008-07-05,1.5,904.264760701
2008-07-06,1.3,943.3
2008-07-07,0.9,479.2
2008-07-08,1.8,551.2
2008-07-09,2.1,440.9
2008-07-10,2.0,534.9
2008-07-11,0.1,736.1
2008-07-12,1.9,813.490993184
2008-07-13,3.7,849.3
2008-07-14,0.1,678.6
2008-07-15,1.2,538.931099139
2008-07-16,1.4,388.938918009
2008-07-17,2.15255956594,244.55158707
2008-07-18,3.18183533852,121.697236782
2008-07-19,3.7,36.3039976056
2008-07-20,2.85,4.3
2008-07-21,2.0,808.1
2008-07-22,5.5,732.4
2008-07-23,5.14814814815,734.966666667
2008-07-24,4.32962962963,739.733333333
2008-07-25,3.4,742.3
2008-07-26,2.1,738.767353698
2008-07-27,7.9,729.6
2008-07-28,1.3,373.1
2008-07-29,2.6,574.1
2008-07-30,1.7,448.4
2008-07-31,1.5,643.9
2008-08-01,1.7,674.411387698
2008-08-02,1.872520908,694.39464358
2008-08-03,2.03070489845,714.880577672
2008-08-04,2.1,746.9
2008-08-05,1.9,836.707370506
2008-08-06,1.4,980.381551561
2008-08-07,0.9,1113.68995684
2008-08-08,1.25,1172.4
2008-08-09,1.6,1125.2766451
2008-08-10,0.4,1015.5
2008-08-11,0.892592592593,521.0
2008-08-12,1.80740740741,359.7
2008-08-13,2.3,809.3
2008-08-14,0.7,981.0
2008-08-15,1.26145833333,977.719983392
2008-08-16,2.1,968.661724632
2008-08-17,2.70859375,954.997910317
2008-08-18,3.32708333333,937.901227042
2008-08-19,3.80703125,918.544361404
2008-08-20,4.0,898.1
2008-08-21,3.4,796.4
2008-08-22,3.2,753.641720833
2008-08-23,3.65,712.388935937
2008-08-24,4.1,677.235290624
2008-08-25,0.1,652.774430208
2008-08-26,1.7,643.6
2008-08-27,0.9,656.384636488
2008-08-28,0.805855255931,690.647462277
2008-08-29,0.715108743409,740.251851852
2008-08-30,0.630582024385,799.061179698
2008-08-31,0.555096660808,860.938820302
2008-09-01,0.491474214631,919.748148148
2008-09-02,0.442536247803,969.352537723
2008-09-03,0.411104322276,1003.61536351
2008-09-04,0.4,1016.4
2008-09-05,0.4,1004.3810838
2008-09-06,0.840740740741,972.466223463
2008-09-07,1.65925925926,926.868251396
2008-09-08,2.1,873.8
2008-09-09,1.1,596.1
2008-09-10,0.75625,619.0
2008-09-11,0.6,610.8
2008-09-12,1.8,657.189581395
2008-09-13,3.0,770.448744186
2008-09-14,2.77186348652,911.713116279
2008-09-15,2.25483808416,1042.11832558
2008-09-16,1.7,1122.8
2008-09-17,1.1,1145.2
2008-09-18,2.5,1235.3
2008-09-19,2.2,1351.2
2008-09-20,1.0,1141.59074393
2008-09-21,1.6,859.7
2008-09-22,1.4,721.159256068
2008-09-23,1.2,654.9
2008-09-24,3.2,719.740740741
2008-09-25,0.7,840.159259259
2008-09-26,2.7,905.0
2008-09-27,1.6,834.640361253
2008-09-28,0.5,689.6
2008-09-29,1.0,400.4
2008-09-30,0.8,492.5
2008-10-01,0.861206896552,674.2
2008-10-02,1.0,720.8
2008-10-03,1.5,1014.6
2008-10-04,0.8,1004.45
2008-10-05,1.2,994.3
2008-10-06,1.0,1032.1
2008-10-07,0.8,938.5
2008-10-08,1.2,857.706733479
2008-10-09,0.4,762.0
2008-10-10,0.677134146341,541.1
2008-10-11,1.3,904.45
2008-10-12,3.4,1267.8
2008-10-13,1.9,839.7
2008-10-14,2.95,899.977777778
2008-10-15,4.0,1011.92222222
2008-10-16,2.2,1072.2
2008-10-17,1.64686147186,1043.090625
2008-10-18,1.2,979.05
2008-10-19,0.519047619048,915.009375
2008-10-20,0.1,885.9
2008-10-21,4.1,886.915625
2008-10-22,0.8,889.15
2008-10-23,2.2,891.384375
2008-10-24,5.0,892.4
2008-10-25,1.6,835.509981851
2008-10-26,2.8,714.8
2008-10-27,1.75051020408,433.2
2008-10-28,0.6,371.3
2008-10-29,0.5,408.08037681
2008-10-30,0.413739545998,496.282975843
2008-10-31,0.334647550777,602.7
2008-11-01,0.3,739.776359943
2008-11-02,0.3,953.7
2008-11-03,0.820588235294,1581.3
2008-11-04,1.5,1360.3
2008-11-05,1.7,1130.3
2008-11-06,2.3,1136.596875
2008-11-07,2.4,1150.45
2008-11-08,3.39970930233,1164.303125
2008-11-09,4.3,1170.6
2008-11-10,2.0,811.9
2008-11-11,2.8,949.1
2008-11-12,1.0,1029.1332391
2008-11-13,1.5,1106.0
2008-11-14,2.0,1218.2
2008-11-15,1.2,1183.07016032
2008-11-16,0.6,1099.8069873
2008-11-17,2.25,1001.6
2008-11-18,3.9,831.296069641
2008-11-19,1.9,708.3
2008-11-20,1.7,854.4
2008-11-21,1.2,1037.4
2008-11-22,1.4,1096.02845622
2008-11-23,2.1,1122.4
2008-11-24,1.4,749.2
2008-11-25,1.8,820.7
2008-11-26,0.4,907.1
2008-11-27,1.9,1075.9
2008-11-28,3.1,1068.52441657
2008-11-29,3.2,1049.39327758
2008-11-30,3.6,1023.0
2008-12-01,1.1,811.9
2008-12-02,0.656140350877,996.7
2008-12-03,0.328070175439,1222.6
2008-12-04,0.2,1387.3
2008-12-05,1.0,1399.51235941
2008-12-06,0.8,1408.19506859
2008-12-07,1.0,1411.5
2008-12-08,1.06800187099,1135.5
2008-12-09,1.11890972488,859.5
2008-12-10,1.2,1040.87287006
2008-12-11,1.57798507463,1295.4
2008-12-12,2.2,1399.1
2008-12-13,3.0,1304.35
2008-12-14,1.9,1209.6
2008-12-15,1.10436137072,1297.7
2008-12-16,0.402180685358,1155.3
2008-12-17,0.1,1047.5
2008-12-18,0.1,929.2
2008-12-19,0.1,1001.3
2008-12-20,0.7,1004.46640942
2008-12-21,1.29153439153,1005.7
2008-12-22,1.85132275132,1005.7
2008-12-23,2.1,1000.6
2008-12-24,2.1,945.9
2008-12-25,0.3,673.7
2008-12-26,0.2,1016.3
2008-12-27,0.85,1037.44613545
2008-12-28,1.5,1057.2
2008-12-29,1.31851851852,1142.63695041
2008-12-30,0.981481481481,1211.9
2008-12-31,0.8,1101.8
2009-01-01,2.2,995.8
2009-01-02,1.35,1111.2
2009-01-03,0.5,1231.68413964
2009-01-04,2.0,1300.7
2009-01-05,1.2,935.6
2009-01-06,0.4,973.444444444
2009-01-07,2.7,1068.05555556
2009-01-08,2.29375,1191.05
2009-01-09,1.4,1314.04444444
2009-01-10,0.50625,1408.65555556
2009-01-11,0.1,1446.5
2009-01-12,0.4,1153.6
2009-01-13,0.2,1205.8
2009-01-14,0.4,575.8
2009-01-15,0.5,805.6
2009-01-16,0.1,1190.6
2009-01-17,0.9,1587.95290443
2009-01-18,2.3,1814.9
2009-01-19,1.1,1288.0
2009-01-20,1.1,1700.1
2009-01-21,1.6,1336.5
2009-01-22,0.9,1734.5
2009-01-23,0.991304347826,2169.8
2009-01-24,1.2,2678.99533494
2009-01-25,2.0,2979.3
2009-01-26,2.07142857143,2912.25381861
2009-01-27,2.1,2750.17345582
2009-01-28,2.0,2551.64618374
2009-01-29,1.8,2375.25927443
2009-01-30,2.32555803571,2279.6
2009-01-31,3.5,2260.58196845
2009-02-01,7.3,2243.7
2009-02-02,2.8,1689.3
2009-02-03,2.51309012876,1888.6
2009-02-04,2.4,1922.2
2009-02-05,2.5,2334.8
2009-02-06,1.87777777778,2757.5
2009-02-07,0.722222222222,2550.24814815
2009-02-08,0.1,2165.35185185
2009-02-09,3.5,1958.1
2009-02-10,4.1,2091.9
2009-02-11,5.129296875,2225.7
2009-02-12,5.8,2218.60625
2009-02-13,5.05,2203.0
2009-02-14,4.3,2187.39375
2009-02-15,4.9,2180.3
2009-02-16,1.5,2606.3
2009-02-17,1.3,3169.8
2009-02-18,2.9,2834.9
2009-02-19,2.8,3394.5
2009-02-20,3.47407407407,3364.24268018
2009-02-21,4.72592592593,3286.01604055
2009-02-22,5.4,3178.63806083
2009-02-23,3.1,3060.92672074
2009-02-24,3.2,2951.7
2009-02-25,1.6,2831.3
2009-02-26,4.0,3206.0
2009-02-27,3.1,3147.33774095
2009-02-28,4.9,3012.00064252
2009-03-01,8.1,2860.96322284
2009-03-02,3.1,2755.2
2009-03-03,3.75625,2698.95576996
2009-03-04,5.2,2653.25206742
2009-03-05,9.4,2614.22851864
2009-03-06,4.8,2578.02474987
2009-03-07,4.9,2540.78038737
2009-03-08,3.6,2498.63505739
2009-03-09,5.8,2447.72838618
2009-03-10,4.4,2384.2
2009-03-11,4.3,1616.8
2009-03-12,1.7,2586.4
2009-03-13,3.3,2625.0
2009-03-14,1.8,2735.3998772
2009-03-15,8.0,2894.04711307
2009-03-16,3.2,3036.4957924
2009-03-17,1.0,3098.3
2009-03-18,3.2,2596.9
2009-03-19,4.01267857143,3051.6
2009-03-20,4.7,3675.8
2009-03-21,5.6,3115.77407407
2009-03-22,5.7,2075.72592593
2009-03-23,5.1,1515.7
2009-03-24,3.6,1763.1
2009-03-25,7.6,1492.3
2009-03-26,1.7,1799.2
2009-03-27,2.2,1752.45171523
2009-03-28,2.3,1635.2010443
2009-03-29,3.0,1481.93926226
2009-03-30,4.1,1327.15764416
2009-03-31,2.0,1205.34746505
2009-04-01,4.6,1151.0
2009-04-02,2.9,1141.90865681
2009-04-03,2.6,1132.88177281
2009-04-04,2.6,1123.93301733
2009-04-05,2.6,1115.0760597
2009-04-06,6.2,1106.32456926
2009-04-07,3.3,1097.69221534
2009-04-08,5.5,1089.19266727
2009-04-09,3.4,1080.83959438
2009-04-10,6.4,1072.646666
2009-04-11,6.28225806452,1064.62755146
2009-04-12,6.0,1056.79592009
2009-04-13,4.3,1049.16544123
2009-04-14,3.0,1041.74978421
2009-04-15,2.1,1034.56261836
2009-04-16,4.9,1027.61761301
2009-04-17,7.70789473684,1020.92843749
2009-04-18,9.3,1014.50876113
2009-04-19,8.75653138168,1008.37225326
2009-04-20,7.56861831892,1002.53258323
2009-04-21,6.4,997.003420345
2009-04-22,5.5,991.798433952
2009-04-23,5.02763409962,986.93129338
2009-04-24,4.55003831418,982.415667959
2009-04-25,4.10784482759,978.265227021
2009-04-26,3.74168582375,974.493639898
2009-04-27,3.49219348659,971.11457592
2009-04-28,3.4,968.14170442
2009-04-29,4.2,965.588694728
2009-04-30,4.5,963.469216176
2009-05-01,5.3625,961.796938096
2009-05-02,6.0,960.585529819
2009-05-03,4.0,959.848660677
2009-05-04,3.3,959.6
2009-05-05,4.3,1463.0
2009-05-06,3.3,1452.8
2009-05-07,7.2,1163.4
2009-05-08,5.05,1373.0
2009-05-09,2.9,1297.16666667
2009-05-10,5.0,1156.33333333
2009-05-11,5.1,1080.5
2009-05-12,2.8,1168.4
2009-05-13,4.8,926.1
2009-05-14,3.5,959.534061051
2009-05-15,0.9,1008.0
2009-05-16,3.7,1039.26593895
2009-05-17,3.0,1055.5
2009-05-18,3.4,671.6
2009-05-19,4.2,1380.8
2009-05-20,3.8,1070.0
2009-05-21,3.6,1058.09642906
2009-05-22,3.7,1047.06844799
2009-05-23,2.5,1036.84360531
2009-05-24,3.1,1027.34944953
2009-05-25,6.4,1018.51352916
2009-05-26,3.7,1010.26339272
2009-05-27,3.5,1002.52658873
2009-05-28,1.9,995.230665687
2009-05-29,1.0,988.303172116
2009-05-30,3.35,981.671656528
2009-05-31,5.7,975.263667437
2009-06-01,3.1,969.006753357
2009-06-02,1.2,962.8284628
2009-06-03,1.16879391635,956.656344282
2009-06-04,1.14139315589,950.417946315
2009-06-05,1.11959543726,944.040817413
2009-06-06,1.10519847909,937.45250609
2009-06-07,1.1,930.58056086
2009-06-08,1.8,923.352530237
2009-06-09,4.3,915.695962733
2009-06-10,2.7,907.538406863
2009-06-11,1.83122797972,898.807411141
2009-06-12,1.10450287875,889.43052408
2009-06-13,0.8,879.335294193
2009-06-14,2.0,868.449269995
2009-06-15,0.9,856.7
2009-06-16,1.2,794.011695031
2009-06-17,2.21911764706,689.148974544
2009-06-18,3.0,630.3
2009-06-19,1.9,623.925033504
2009-06-20,0.5,617.730465986
2009-06-21,2.0,611.773652147
2009-06-22,0.2,606.111946686
2009-06-23,0.228716216216,600.802704302
2009-06-24,0.3,595.903279696
2009-06-25,1.0,591.471027567
2009-06-26,1.53068181818,587.563302615
2009-06-27,2.0,584.237459539
2009-06-28,2.4,581.550853041
2009-06-29,0.3,579.560837818
2009-06-30,0.5,578.324768571
2009-07-01,2.0,577.9
2009-07-02,1.0,1255.2
2009-07-03,0.928365384615,620.9
2009-07-04,0.9,930.9
2009-07-05,4.4,1240.9
2009-07-06,0.3,907.0
2009-07-07,3.1,1123.9
2009-07-08,2.2,819.0
2009-07-09,1.5,595.6
2009-07-10,2.1,848.7
2009-07-11,20.0,931.922831929
2009-07-12,1.7,969.5
2009-07-13,1.3,969.5
2009-07-14,1.08323478261,990.8
2009-07-15,0.868139130435,747.6
2009-07-16,0.681426086957,504.4
2009-07-17,0.549808695652,1038.5
2009-07-18,0.5,987.108346102
2009-07-19,1.8,887.4
2009-07-20,2.7,739.0
2009-07-21,1.1,816.3
2009-07-22,0.2,461.0
2009-07-23,0.277687443541,624.475867156
2009-07-24,0.444263775971,871.9
2009-07-25,0.6,1055.82413284
2009-07-26,0.7,1155.8
2009-07-27,0.45,1151.18657778
2009-07-28,0.2,1138.20462222
2009-07-29,0.8,1118.1416
2009-07-30,0.65,1092.28497778
2009-07-31,0.4,1061.92222222
2009-08-01,0.2,1028.3408
2009-08-02,0.35,992.828177778
2009-08-03,0.6,956.671822222
2009-08-04,0.8,921.1592
2009-08-05,0.2,887.577777778
2009-08-06,0.3,857.215022222
2009-08-07,0.1,831.3584
2009-08-08,1.2,811.295377778
2009-08-09,0.7,798.313422222
2009-08-10,1.3,793.7
2009-08-11,1.1375,855.2
2009-08-12,0.8,793.5
2009-08-13,0.1,807.8416
2009-08-14,0.307407407407,842.0408
2009-08-15,0.692592592593,882.8592
2009-08-16,0.9,917.0584
2009-08-17,0.6,931.4
2009-08-18,1.2,892.6
2009-08-19,0.9,1484.0
2009-08-20,2.0,678.5
2009-08-21,0.1,926.2
2009-08-22,2.3,926.2
2009-08-23,2.0,926.2
2009-08-24,0.9,805.9
2009-08-25,0.1,843.8
2009-08-26,0.3,953.3
2009-08-27,1.1,936.140492576
2009-08-28,1.1,890.553477729
2009-08-29,3.3,825.376216594
2009-08-30,0.8,749.445970306
2009-08-31,1.1,671.6
2009-09-01,1.4,505.1
2009-09-02,1.2,358.5
2009-09-03,2.3,617.5
2009-09-04,3.50282258065,872.177741843
2009-09-05,4.2,1113.03331537
2009-09-06,0.3,1220.0
2009-09-07,1.7,997.0
2009-09-08,1.7,1056.45
2009-09-09,2.5,1115.9
2009-09-10,1.6,988.0
2009-09-11,3.8,1193.8
2009-09-12,2.9,1142.25684873
2009-09-13,3.2,1032.1
2009-09-14,1.8,764.2
2009-09-15,1.9,811.2
2009-09-16,1.5,824.1
2009-09-17,1.8,907.5
2009-09-18,1.1,1084.6
2009-09-19,0.9,997.391679344
2009-09-20,3.4,828.9
2009-09-21,1.6,582.8
2009-09-22,1.8,724.8
2009-09-23,1.7,662.5
2009-09-24,1.5779232207,640.446142476
2009-09-25,1.4511542775,618.911951259
2009-09-26,1.31542372394,599.453833874
2009-09-27,1.16646211359,583.628197851
2009-09-28,1.0,572.991450717
2009-09-29,0.7,569.1
2009-09-30,1.55,660.013072776
2009-10-01,2.4,844.1
2009-10-02,1.95,1179.3
2009-10-03,1.5,1325.70335713
2009-10-04,5.9,1473.4
2009-10-05,2.2,1826.3
2009-10-06,1.0,1535.25635211
2009-10-07,0.7,1242.1
2009-10-08,4.9,1238.46300706
2009-10-09,4.69507511496,1235.78627973
2009-10-10,4.1584136485,1233.74496991
2009-10-11,3.40718538363,1232.01422949
2009-10-12,2.55856010334,1230.26921039
2009-10-13,1.72970759064,1228.18506451
2009-10-14,1.03779762852,1225.43694375
2009-10-15,0.6,1221.7
2009-10-16,0.382078783151,1163.05401038
2009-10-17,0.3,1046.43444605
2009-10-18,0.3578125,947.8
2009-10-19,0.5,902.3
2009-10-20,1.7,759.9
2009-10-21,1.15,851.6
2009-10-22,0.6,983.088205193
2009-10-23,1.1,1133.2
2009-10-24,1.5,1333.69534673
2009-10-25,2.0,1458.7
2009-10-26,0.9,1265.3
2009-10-27,0.7,1255.57437468
2009-10-28,1.5,1245.0
2009-10-29,1.9,1202.29274777
2009-10-30,2.83846153846,1128.26384124
2009-10-31,3.5,1046.35856083
2009-11-01,2.15,980.022186943
2009-11-02,0.8,952.7
2009-11-03,1.7,1003.8
2009-11-04,0.9,879.7
2009-11-05,0.743227424749,929.090625
2009-11-06,0.6,1037.75
2009-11-07,0.2,1146.409375
2009-11-08,1.1,1195.8
2009-11-09,0.2,1173.1384
2009-11-10,0.1,1119.0992
2009-11-11,0.271875,1054.6008
2009-11-12,0.65,1000.5616
2009-11-13,1.028125,977.9
2009-11-14,1.2,1097.35
2009-11-15,1.096,1216.8
2009-11-16,0.848,1214.05
2009-11-17,0.552,1206.8
2009-11-18,0.304,1196.55
2009-11-19,0.2,1184.8
2009-11-20,0.2,1173.05
2009-11-21,0.5,1162.8
2009-11-22,0.9,1155.55
2009-11-23,0.8,1152.8
2009-11-24,1.6,1200.4
2009-11-25,0.4,1074.4
2009-11-26,1.0,1211.1
2009-11-27,2.6,1125.3
2009-11-28,1.6,1103.30294596
2009-11-29,0.6,1093.7
2009-11-30,0.9,1093.7
2009-12-01,0.7,1892.7
2009-12-02,0.2,1452.1
2009-12-03,0.129166666667,1548.94375
2009-12-04,0.1,1762.0
2009-12-05,2.2,1975.05625
2009-12-06,1.2,2071.9
2009-12-07,1.246875,1546.4
2009-12-08,1.35,1498.7
2009-12-09,1.453125,1081.1
2009-12-10,1.5,1057.0
2009-12-11,1.0,1248.6
2009-12-12,0.5,690.15
2009-12-13,1.6,131.7
2009-12-14,1.84421296296,1180.7
2009-12-15,2.02766203704,1172.92069113
2009-12-16,2.1,1156.5
2009-12-17,0.7,1119.3
2009-12-18,0.6,1515.7
2009-12-19,0.6,1639.37940988
2009-12-20,0.4,1694.8
2009-12-21,1.0,1245.6
2009-12-22,1.80669642857,1109.6
2009-12-23,2.3,1176.4
2009-12-24,0.2,1289.5
2009-12-25,1.3,971.1
2009-12-26,0.6,1272.25
2009-12-27,1.2,1573.4
2009-12-28,2.6,1459.5
2009-12-29,2.1,1574.5
2009-12-30,1.0,1639.21834587
2009-12-31,2.6,1699.5
2010-01-01,0.1,1787.55808764
2010-01-02,4.1,1880.68125923
2010-01-03,4.04256756757,1930.9
2010-01-04,3.9,1943.3114436
2010-01-05,2.5,1954.76192563
2010-01-06,4.0,1964.90573432
2010-01-07,5.4,1973.39715788
2010-01-08,1.1,1979.89048454
2010-01-09,3.1,1984.0400025
2010-01-10,5.1,1985.5
2010-01-11,3.2,1549.0
2010-01-12,2.5,1124.89764231
2010-01-13,1.5,724.98215449
2010-01-14,0.3,547.6
2010-01-15,0.7,606.9
2010-01-16,0.3,1039.52315649
2010-01-17,3.4,1526.5
2010-01-18,0.1,1728.27966863
2010-01-19,1.0,1895.79228601
2010-01-20,0.6,2043.12506908
2010-01-21,1.2,2184.36523477
2010-01-22,2.0,2333.6
2010-01-23,1.7,2526.581951
2010-01-24,2.4,2640.6
2010-01-25,2.3,2291.4
2010-01-26,2.06538461538,2040.00288615
2010-01-27,1.9,1908.4
2010-01-28,4.2,2259.3
2010-01-29,4.9,2363.3
2010-01-30,3.6,2226.00696366
2010-01-31,4.5,1956.4
2010-02-01,3.3,1532.4
2010-02-02,0.7,1812.2
2010-02-03,3.9,1812.2
2010-02-04,3.15,1922.4
2010-02-05,2.4,1944.19347884
2010-02-06,4.2,1962.49308125
2010-02-07,3.0,1978.11053411
2010-02-08,1.4,1991.85756432
2010-02-09,0.8,2004.54589876
2010-02-10,2.0,2016.98726432
2010-02-11,2.8,2029.99338788
2010-02-12,0.4,2044.37599635
2010-02-13,2.7,2060.94681659
2010-02-14,4.9,2080.51757552
2010-02-15,2.0,2103.9
2010-02-16,3.0,2995.8
2010-02-17,0.8,2651.7
2010-02-18,2.4,2651.7
2010-02-19,2.8,2626.4
2010-02-20,2.2,2928.4
2010-02-21,4.4,3051.12716566
2010-02-22,5.0,3149.38580505
2010-02-23,3.4,3189.6
2010-02-24,4.2,3107.94160829
2010-02-25,5.3,2891.72082486
2010-02-26,2.6,2584.06923729
2010-02-27,3.5,2228.11843315
2010-02-28,3.0,1867.0
2010-03-01,1.7,1163.0
2010-03-02,1.4,1347.56642736
2010-03-03,2.1,1720.9
2010-03-04,1.8,2397.2
2010-03-05,2.8,2682.4
2010-03-06,1.5,2703.84232704
2010-03-07,6.4,2719.09338574
2010-03-08,3.4,2724.9
2010-03-09,1.0,2718.42197716
2010-03-10,1.3,2700.12810469
2010-03-11,3.8,2671.72867667
2010-03-12,3.4,2634.93398716
2010-03-13,5.1,2591.45433025
2010-03-14,2.8,2543.0
2010-03-15,1.9,1864.50123545
2010-03-16,1.6,1179.4
2010-03-17,4.3,1149.6
2010-03-18,1.5,1293.7
2010-03-19,1.2,1603.5
2010-03-20,3.5,1895.13557653
2010-03-21,5.1,2057.9
2010-03-22,4.4,1669.6
2010-03-23,3.2,1883.9
2010-03-24,3.5,1615.1
2010-03-25,3.1,1765.7
2010-03-26,2.8,1682.2
2010-03-27,2.4,1631.43735
2010-03-28,3.3,1566.1
2010-03-29,2.1,1020.4
2010-03-30,1.4,1389.7
2010-03-31,4.8,1710.25019411
2010-04-01,4.6,2004.58065261
2010-04-02,4.0,2133.6
2010-04-03,8.7,2127.62919236
2010-04-04,8.2,2112.1
2010-04-05,6.1,1407.2
2010-04-06,6.2,1611.6
2010-04-07,3.9,1346.8
2010-04-08,3.1,1612.6
2010-04-09,5.2,2375.9
2010-04-10,3.4,2258.81004224
2010-04-11,5.4,1990.4
2010-04-12,4.0,937.2
2010-04-13,3.2,874.9
2010-04-14,11.0037037037,753.5
2010-04-15,25.4962962963,1088.5
2010-04-16,33.3,1415.10205025
2010-04-17,5.6,1723.33435846
2010-04-18,7.2,1860.1
2010-04-19,2.0,1435.75
2010-04-20,3.3,1011.4
2010-04-21,5.0,1060.6128
2010-04-22,2.9,1177.9664
2010-04-23,2.8,1318.0336
2010-04-24,3.2,1435.3872
2010-04-25,2.2,1484.6
2010-04-26,1.5,1482.92853736
2010-04-27,2.5,1478.17539663
2010-04-28,1.1,1470.73244862
2010-04-29,1.7,1460.99156415
2010-04-30,2.3,1449.34461402
2010-05-01,0.6,1436.18346903
2010-05-02,4.8,1421.9
2010-05-03,2.9,1370.7134057
2010-05-04,1.3,1267.8472608
2010-05-05,2.5,1145.2
2010-05-06,2.1,923.4
2010-05-07,0.5,1039.8
2010-05-08,4.2,994.45427994
2010-05-09,3.0,882.153004324
2010-05-10,3.8,738.5
2010-05-11,3.4,310.4
2010-05-12,1.9,631.3
2010-05-13,1.8,673.6
2010-05-14,1.9,927.2
2010-05-15,3.7,784.494109781
2010-05-16,1.3,593.7
2010-05-17,1.5127293578,530.8
2010-05-18,2.0,1060.1
2010-05-19,3.9,1224.6
2010-05-20,0.7,1224.6
2010-05-21,2.5,1136.0
2010-05-22,3.3,1025.9905731
2010-05-23,1.9,960.1
2010-05-24,0.7,968.584375
2010-05-25,1.3,987.25
2010-05-26,0.9,1005.915625
2010-05-27,2.5,1014.4
2010-05-28,0.3,1010.0619647
2010-05-29,4.5,997.543634259
2010-05-30,4.29179179179,977.588671875
2010-05-31,3.79469469469,950.940740741
2010-06-01,3.2,918.343504051
2010-06-02,2.1,880.540625
2010-06-03,6.6,838.275766782
2010-06-04,2.1,792.292592593
2010-06-05,4.1,743.334765625
2010-06-06,5.5,692.145949074
2010-06-07,3.5,639.469806134
2010-06-08,1.5,586.05
2010-06-09,1.6,532.630193866
2010-06-10,0.8,479.954050926
2010-06-11,1.2,428.765234375
2010-06-12,0.9,379.807407407
2010-06-13,2.1,333.824233218
2010-06-14,1.45,291.559375
2010-06-15,0.8,253.756495949
2010-06-16,1.2,221.159259259
2010-06-17,3.125,194.511328125
2010-06-18,4.7,174.556365741
2010-06-19,3.3,162.038035301
2010-06-20,4.3,157.7
2010-06-21,1.7,174.741848234
2010-06-22,5.1,221.469496619
2010-06-23,2.4,291.286100676
2010-06-24,1.8,377.594815928
2010-06-25,1.2,473.798797896
2010-06-26,1.2,573.301202104
2010-06-27,2.7,669.505184072
2010-06-28,2.6,755.813899324
2010-06-29,0.3,825.630503381
2010-06-30,0.311078717201,872.358151766
2010-07-01,0.339650145773,889.4
2010-07-02,0.378717201166,889.4
2010-07-03,0.421282798834,874.230374224
2010-07-04,0.460349854227,837.605997932
2010-07-05,0.488921282799,792.853622673
2010-07-06,0.5,753.3
2010-07-07,0.4,714.372001034
2010-07-08,0.3,691.7
2010-07-09,0.4,1224.8
2010-07-10,1.2,1164.21717848
2010-07-11,3.0,1037.6
2010-07-12,1.6,766.0
2010-07-13,0.2,599.2
2010-07-14,2.3,625.0
2010-07-15,1.5,427.6
2010-07-16,0.790322580645,765.0
2010-07-17,0.4,818.410853008
2010-07-18,0.55,840.6
2010-07-19,0.7,715.9
2010-07-20,0.4,785.1
2010-07-21,0.292857142857,649.0
2010-07-22,0.196428571429,649.0
2010-07-23,0.126785714286,889.6
2010-07-24,0.1,773.581481481
2010-07-25,0.9,558.118518519
2010-07-26,1.7,442.1
2010-07-27,1.0,536.8
2010-07-28,0.3,707.0
2010-07-29,0.6,819.2
2010-07-30,0.6,877.2
2010-07-31,0.6,869.755091185
2010-08-01,0.3,852.2
2010-08-02,0.250544662309,763.5
2010-08-03,0.214161220044,760.329261552
2010-08-04,0.2,759.1
2010-08-05,0.6,973.2
2010-08-06,1.3,1109.3
2010-08-07,0.5,1109.3
2010-08-08,1.5,1109.3
2010-08-09,1.1,821.9
2010-08-10,1.2,923.0
2010-08-11,1.3,779.8
2010-08-12,0.9,771.8
2010-08-13,1.4,1074.5
2010-08-14,0.5,1032.94074074
2010-08-15,1.0724137931,955.759259259
2010-08-16,2.1,914.2
2010-08-17,3.2,963.7
2010-08-18,0.5,1148.0
2010-08-19,0.3,1094.50188625
2010-08-20,5.3,961.001658745
2010-08-21,1.2,787.990488118
2010-08-22,4.5,615.959544994
2010-08-23,1.1,485.4
2010-08-24,1.8,418.0
2010-08-25,1.8,549.1
2010-08-26,1.0,630.940982386
2010-08-27,2.3,726.9
2010-08-28,0.8,1015.94441223
2010-08-29,4.6,1239.0
2010-08-30,0.9,718.0
2010-08-31,2.8,728.9
2010-09-01,3.0,707.1
2010-09-02,0.9,877.7
2010-09-03,4.8,964.639617873
2010-09-04,1.4,1036.60869783
2010-09-05,4.8,1066.6
2010-09-06,1.9,737.4
2010-09-07,1.2,692.4
2010-09-08,6.2,709.9032
2010-09-09,3.8,751.6416
2010-09-10,2.2,801.4584
2010-09-11,2.65,843.1968
2010-09-12,3.1,860.7
2010-09-13,1.5,799.5
2010-09-14,1.2,557.6
2010-09-15,1.5,564.2
2010-09-16,1.9,603.8
2010-09-17,0.5,1004.2
2010-09-18,1.4,779.0
2010-09-19,4.4,553.8
2010-09-20,2.3,648.8
2010-09-21,3.8,644.9
2010-09-22,2.5,652.529679443
2010-09-23,1.80665514261,671.78503833
2010-09-24,1.3,697.215557495
2010-09-25,1.0,723.370717773
2010-09-26,5.1,744.8
2010-09-27,3.0,759.0
2010-09-28,0.9,626.2
2010-09-29,1.4625,596.1
2010-09-30,2.7,652.3
2010-10-01,3.9375,367.0
2010-10-02,4.5,726.35
2010-10-03,2.81536144578,1085.7
2010-10-04,1.1,816.0
2010-10-05,1.05702124738,815.800006095
2010-10-06,1.03278412796,815.6
2010-10-07,1.0,511.1
2010-10-08,0.9,613.248148148
2010-10-09,0.8,802.951851852
2010-10-10,1.1,905.1
2010-10-11,2.9,822.75446339
2010-10-12,1.0,685.1
2010-10-13,1.8,573.7
2010-10-14,1.3,599.3
2010-10-15,0.5,762.4
2010-10-16,0.5,981.244678438
2010-10-17,0.5,1115.0
2010-10-18,0.641304347826,358.9
2010-10-19,0.9,833.8
2010-10-20,1.2,752.3
2010-10-21,2.1466155811,1009.3
2010-10-22,3.38441890166,1054.6
2010-10-23,4.0,1093.42467532
2010-10-24,3.6,1114.6
2010-10-25,1.9,1034.6
2010-10-26,0.5,804.6
2010-10-27,0.541666666667,836.0496
2010-10-28,0.65,911.0448
2010-10-29,0.8,1000.5552
2010-10-30,2.1,1075.5504
2010-10-31,2.6,1107.0
2010-11-01,0.2,892.9
2010-11-02,0.6,982.9
2010-11-03,0.35,951.7
2010-11-04,0.1,906.5
2010-11-05,0.2,696.2
2010-11-06,0.184375,658.798487302
2010-11-07,0.15,643.1
2010-11-08,0.115625,652.033745059
2010-11-09,0.1,676.4
2010-11-10,0.15,849.511454701
2010-11-11,0.2,1098.5
2010-11-12,0.1,1254.8
2010-11-13,0.5,1181.22615559
2010-11-14,0.7,1061.3
2010-11-15,0.58,973.2
2010-11-16,0.4,1116.2
2010-11-17,0.282096774194,679.2
2010-11-18,0.2,737.0
2010-11-19,0.15256869773,803.5
2010-11-20,0.115173237754,954.018036793
2010-11-21,0.1,1059.2
2010-11-22,0.2,736.8
2010-11-23,0.3,703.2
2010-11-24,0.248148148148,578.2
2010-11-25,0.151851851852,729.8
2010-11-26,0.1,799.7
2010-11-27,0.4,824.350893069
2010-11-28,0.383381924198,835.6
2010-11-29,0.340524781341,709.3
2010-11-30,0.281924198251,719.9
2010-12-01,0.218075801749,630.2
2010-12-02,0.159475218659,767.2
2010-12-03,0.116618075802,863.0
2010-12-04,0.1,975.663386673
2010-12-05,0.22962962963,1042.2
2010-12-06,0.47037037037,740.9
2010-12-07,0.6,665.5
2010-12-08,0.3,528.9
2010-12-09,0.20431253171,621.812042105
2010-12-10,0.129934043633,730.1
2010-12-11,0.1,755.937957895
2010-12-12,0.19970845481,766.4
2010-12-13,0.456851311953,627.8
2010-12-14,0.808454810496,511.6
2010-12-15,1.1915451895,420.3
2010-12-16,1.54314868805,631.9
2010-12-17,1.80029154519,753.0
2010-12-18,1.9,792.095119279
2010-12-19,1.7232,809.7
2010-12-20,1.3016,664.2
2010-12-21,0.7984,620.2
2010-12-22,0.3768,854.2
2010-12-23,0.2,895.9
2010-12-24,0.2,779.5
2010-12-25,0.213712185468,928.9
2010-12-26,0.249646593158,1078.3
2010-12-27,0.3,799.6
2010-12-28,0.9,720.6
2010-12-29,0.7,628.6
2010-12-30,0.3,655.1
2010-12-31,0.229545454545,900.5
2011-01-01,0.2,988.959510538
2011-01-02,0.2,1058.70197749
2011-01-03,0.2,1087.0
2011-01-04,0.2,998.8
2011-01-05,0.3,922.2
2011-01-06,0.425,1076.03127131
2011-01-07,0.5,1273.9
2011-01-08,0.2,1354.66872869
2011-01-09,0.4,1391.4
2011-01-10,0.8,1214.1
2011-01-11,0.4,1293.7
2011-01-12,0.6,986.0
2011-01-13,0.8,1181.0
2011-01-14,0.6,1170.8
2011-01-15,0.3,1130.48274944
2011-01-16,0.3,1074.68026361
2011-01-17,0.2,1046.5
2011-01-18,0.231339031339,1260.2
2011-01-19,0.307122507123,1237.4
2011-01-20,0.4,1415.5
2011-01-21,0.6,2321.3
2011-01-22,0.90625,2292.78386088
2011-01-23,1.1,2221.9
2011-01-24,0.8,1508.8
2011-01-25,2.07037037037,1677.7
2011-01-26,4.42962962963,1420.35
2011-01-27,5.7,1163.0
2011-01-28,2.3,1481.6
2011-01-29,3.4,1483.95124127
2011-01-30,2.95925925926,1485.34477389
2011-01-31,2.14074074074,1487.7
2011-02-01,1.7,2000.7
2011-02-02,2.6,1732.5
2011-02-03,4.2,1962.2
2011-02-04,3.5,2234.5
2011-02-05,1.8,2167.94814815
2011-02-06,3.65,2044.35185185
2011-02-07,5.5,1977.8
2011-02-08,2.1,2406.8
2011-02-09,2.7,2105.6
2011-02-10,2.6,2428.1
2011-02-11,7.8,1146.0
2011-02-12,6.34814814815,1396.28888889
2011-02-13,3.65185185185,1861.11111111
2011-02-14,2.2,2111.4
2011-02-15,3.6,1275.3
2011-02-16,4.5,1755.5
2011-02-17,4.2,2943.0
2011-02-18,2.9,2550.5
2011-02-19,2.0,2696.05
2011-02-20,3.3,2841.6
2011-02-21,1.3,2784.5
2011-02-22,1.6,3701.7
2011-02-23,2.6,2340.1
2011-02-24,6.4,3233.1
2011-02-25,7.2,2982.615625
2011-02-26,8.7,2431.55
2011-02-27,9.7,1880.484375
2011-02-28,4.1,1630.0
2011-03-01,5.1,1790.7
2011-03-02,4.4,2146.11538272
2011-03-03,3.7,2478.2
2011-03-04,4.2,2658.83472165
2011-03-05,4.5,2804.10069416
2011-03-06,8.9,2863.7
2011-03-07,8.3,1940.2
2011-03-08,9.0,1846.62213216
2011-03-09,7.1,1778.03095332
2011-03-10,7.77407407407,1722.33980708
2011-03-11,9.02592592593,1667.46203704
2011-03-12,9.7,1601.31098682
2011-03-13,5.45,1511.8
2011-03-14,1.2,1054.9
2011-03-15,2.1,1496.4
2011-03-16,4.9,1963.05375296
2011-03-17,8.28588709677,2231.2
2011-03-18,10.3,2197.7
2011-03-19,6.2,1264.73093793
2011-03-20,5.78134727626,367.8
2011-03-21,5.43064202335,580.404496437
2011-03-22,5.18961575875,1033.32010399
2011-03-23,5.1,1449.2
2011-03-24,5.6,1700.0
2011-03-25,6.6,2423.2
2011-03-26,0.7,2283.29571655
2011-03-27,3.4,1976.76921087
2011-03-28,6.1,1673.4
2011-03-29,5.9,1433.4189773
2011-03-30,4.9,1193.4
2011-03-31,6.8,941.2
2011-04-01,8.8,1458.6
2011-04-02,2.7,1639.1451873
2011-04-03,4.9,1721.4
2011-04-04,3.45398351648,1475.0
2011-04-05,1.6,1228.6
2011-04-06,1.1,1834.2
2011-04-07,2.7,2221.2
2011-04-08,9.4,2656.1
2011-04-09,10.1,2748.92400338
2011-04-10,7.1,2788.6
2011-04-11,6.1,1682.9
2011-04-12,3.7,1697.4
2011-04-13,4.9,1238.7
2011-04-14,3.2,996.163794873
2011-04-15,5.5,872.2
2011-04-16,6.4,861.007035277
2011-04-17,6.2962962963,853.647962083
2011-04-18,6.1037037037,851.0
2011-04-19,6.0,1042.4
2011-04-20,6.6,699.4
2011-04-21,2.8,1183.2
2011-04-22,3.7,1667.0
2011-04-23,3.3,1629.23396422
2011-04-24,4.6,1530.90723792
2011-04-25,1.7,1394.47689265
2011-04-26,3.6,1242.4
2011-04-27,3.1,802.2
2011-04-28,2.1,1047.35
2011-04-29,3.2,1292.5
2011-04-30,7.3,1290.32222222
2011-05-01,7.15,1286.27777778
2011-05-02,7.0,1284.1
2011-05-03,7.8,1570.2
2011-05-04,6.34814814815,1467.8
2011-05-05,3.65185185185,1385.3
2011-05-06,2.2,817.0
2011-05-07,3.7,889.1
2011-05-08,7.5,961.2
2011-05-09,7.5,779.8
2011-05-10,5.8,1180.5
2011-05-11,6.55,1142.8
2011-05-12,7.3,954.5
2011-05-13,6.5,1315.5
2011-05-14,3.0,1297.33646999
2011-05-15,2.36638601036,1252.6
2011-05-16,2.1,866.6
2011-05-17,2.6,1487.4
2011-05-18,3.1,1284.2
2011-05-19,7.6,912.6
2011-05-20,7.1,835.1
2011-05-21,3.4,897.55
2011-05-22,3.57946428571,960.0
2011-05-23,4.0,661.5
2011-05-24,6.0,805.8
2011-05-25,5.4,928.8
2011-05-26,3.0,899.1
2011-05-27,6.2,842.056918854
2011-05-28,5.72698678578,769.672816759
2011-05-29,4.74286246045,707.502306285
2011-05-30,3.9,681.1
2011-05-31,3.5,905.6
2011-06-01,4.1,888.1
2011-06-02,5.4,866.172482263
2011-06-03,2.6,842.696398483
2011-06-04,3.7,816.297115462
2011-06-05,5.41216216216,785.6
2011-06-06,6.5,725.1
2011-06-07,4.6,822.8
2011-06-08,5.05,723.6
2011-06-09,5.5,903.6
2011-06-10,1.8,1094.0
2011-06-11,3.15,1096.09854876
2011-06-12,4.5,1096.9
2011-06-13,2.1,1020.3
2011-06-14,4.0,959.6
2011-06-15,7.6,806.7
2011-06-16,6.3,732.3
2011-06-17,1.9,697.5
2011-06-18,7.7,756.1
2011-06-19,7.9,814.7
2011-06-20,2.7,770.3
2011-06-21,3.8,687.3
2011-06-22,2.0,813.767765521
2011-06-23,3.5,1005.5
2011-06-24,5.0,1112.1
2011-06-25,4.2,854.7
2011-06-26,2.2,597.3
2011-06-27,2.37693121693,725.35
2011-06-28,2.73164021164,853.4
2011-06-29,3.0,565.3
2011-06-30,3.1395335277,633.0
2011-07-01,3.27871720117,628.697354955
2011-07-02,3.40985422741,618.396064865
2011-07-03,3.52524781341,606.006097297
2011-07-04,3.61720116618,595.43741982
2011-07-05,3.67801749271,590.6
2011-07-06,3.7,590.132882883
2011-07-07,3.4,590.0
2011-07-08,1.5,711.3
2011-07-09,6.6,819.861586982
2011-07-10,5.0,879.7
2011-07-11,2.7,703.1
2011-07-12,5.2,678.9
2011-07-13,4.9,649.220088044
2011-07-14,4.0,631.5
2011-07-15,3.5,837.5
2011-07-16,11.0,995.784895696
2011-07-17,5.0,1079.9
2011-07-18,3.54263900372,788.5
2011-07-19,2.3,799.2
2011-07-20,0.1,583.2
2011-07-21,3.0,924.4
2011-07-22,7.9,1089.5
2011-07-23,3.7,1063.18148148
2011-07-24,3.0,997.385185185
2011-07-25,2.125,911.85
2011-07-26,1.6,826.314814815
2011-07-27,3.0,760.518518519
2011-07-28,4.9,734.2
2011-07-29,1.2,894.5
2011-07-30,1.04747474747,686.35
2011-07-31,0.940404040404,478.2
2011-08-01,0.9,728.3
2011-08-02,3.1,645.6
2011-08-03,4.2,669.011613317
2011-08-04,0.8,724.1
2011-08-05,0.9,858.760835584
2011-08-06,2.1,1042.47486224
2011-08-07,1.7,1134.9
2011-08-08,1.3,864.05
2011-08-09,1.9,593.2
2011-08-10,3.6,611.52902955
2011-08-11,3.1,652.2
2011-08-12,1.4,777.5
2011-08-13,2.8,626.9
2011-08-14,1.8,476.3
2011-08-15,1.65833333333,579.936548113
2011-08-16,1.6,689.9
2011-08-17,2.1,702.380923386
2011-08-18,2.0,714.346444799
2011-08-19,1.6,725.54211377
2011-08-20,5.1,735.713479828
2011-08-21,3.1,744.606092504
2011-08-22,4.4,751.965501329
2011-08-23,2.1,757.537255833
2011-08-24,0.3,761.066905547
2011-08-25,1.8,762.3
2011-08-26,1.6648,409.5
2011-08-27,1.3424,419.039295571
2011-08-28,0.9576,442.534146697
2011-08-29,0.6352,472.3
2011-08-30,0.5,554.1
2011-08-31,2.05,805.7
2011-09-01,3.6,1088.10875302
2011-09-02,2.6,1252.9
2011-09-03,1.0,932.8
2011-09-04,1.3,612.7
2011-09-05,0.6,815.05
2011-09-06,0.9,1017.4
2011-09-07,1.2,663.4
2011-09-08,4.0985,737.7
2011-09-09,6.7,772.1
2011-09-10,3.5,803.49449579
2011-09-11,2.63018372703,833.117079788
2011-09-12,1.96509186352,865.781123892
2011-09-13,1.7,906.3
2011-09-14,4.5,1010.7
2011-09-15,0.9,910.6
2011-09-16,1.1,1038.2
2011-09-17,1.3,1204.31974309
2011-09-18,1.2,1317.5
2011-09-19,1.2,1340.18645364
2011-09-20,1.2,1348.8
2011-09-21,1.4,735.3
2011-09-22,1.7,692.8
2011-09-23,0.4,1040.6
2011-09-24,0.4,1144.5712385
2011-09-25,0.4,1224.8300637
2011-09-26,0.4,1257.0
2011-09-27,1.0,922.0
2011-09-28,2.9,648.8
2011-09-29,0.6,741.1
2011-09-30,0.9,790.8
2011-10-01,1.2,763.728869896
2011-10-02,0.65,712.0
2011-10-03,0.1,652.878217542
2011-10-04,0.7,580.2
2011-10-05,1.5,484.7
2011-10-06,1.21481481481,411.788504353
2011-10-07,0.685185185185,373.1
2011-10-08,0.4,670.968565309
2011-10-09,4.7,971.4
2011-10-10,2.5,973.7
2011-10-11,0.4,864.9
2011-10-12,5.1,940.1
2011-10-13,1.5,1032.0
2011-10-14,2.9,1080.0
2011-10-15,4.9,973.043416982
2011-10-16,1.5,845.6
2011-10-17,3.4,823.0
2011-10-18,2.3,775.2
2011-10-19,1.8,770.8
2011-10-20,0.5,1040.8
2011-10-21,2.7,1124.2
2011-10-22,4.9,1092.85055603
2011-10-23,0.8,1024.2
2011-10-24,0.1,830.4
2011-10-25,0.5,639.4
2011-10-26,0.3,357.0
2011-10-27,2.5,560.8
2011-10-28,1.5,633.267894653
2011-10-29,0.2,688.982061924
2011-10-30,5.6,743.4
2011-10-31,0.1,799.8
2011-11-01,0.339072847682,1328.1
2011-11-02,0.9,1386.5
2011-11-03,3.6,1325.8
2011-11-04,3.47037037037,1410.2
2011-11-05,3.14074074074,1309.4416284
2011-11-06,2.7,1135.5
2011-11-07,0.6,942.258371599
2011-11-08,1.8,822.2
2011-11-09,1.46296296296,844.7
2011-11-10,0.837037037037,984.7
2011-11-11,0.5,1284.2
2011-11-12,2.1,1387.57961408
2011-11-13,4.0,1434.6
2011-11-14,0.4,1035.0
2011-11-15,3.2,1029.1
2011-11-16,1.2,741.4
2011-11-17,0.779464285714,800.8
2011-11-18,0.6,903.9
2011-11-19,3.0,901.225101741
2011-11-20,2.9,894.5
2011-11-21,0.6,809.8
2011-11-22,0.5,774.0
2011-11-23,1.2,667.4
2011-11-24,2.4,715.4
2011-11-25,0.6,199.7
2011-11-26,1.7,770.05
2011-11-27,2.7,1340.4
2011-11-28,1.8,906.2
2011-11-29,0.9,1008.4
2011-11-30,0.9,920.1
2011-12-01,1.1,1009.709375
2011-12-02,1.272520908,1206.85
2011-12-03,1.43070489845,1403.990625
2011-12-04,1.5,1493.6
2011-12-05,0.4,1179.2
2011-12-06,1.8,1353.6
2011-12-07,1.4,1033.3
2011-12-08,2.3,1162.9
2011-12-09,0.1,1237.6
2011-12-10,0.5,1202.9
2011-12-11,0.6,1168.2
2011-12-12,0.2,1332.6
2011-12-13,1.0,1363.3
2011-12-14,1.18986486486,1249.8
2011-12-15,1.4,1118.5
2011-12-16,4.2,1085.9
2011-12-17,1.2,1105.2
2011-12-18,1.1,1124.5
2011-12-19,1.2,720.8
2011-12-20,0.8,990.1
2011-12-21,0.3,1042.1
2011-12-22,1.6,1104.8
2011-12-23,1.5725,1548.0
2011-12-24,1.5,1472.17152104
2011-12-25,1.0275,1312.6
2011-12-26,0.6,957.2
2011-12-27,1.9,1094.2
2011-12-28,2.1,1073.4
2011-12-29,0.3,1540.5
2011-12-30,0.5,1644.3
2011-12-31,1.1,1657.15696596
2012-01-01,1.2,1662.4
2012-01-02,1.6,1583.6
2012-01-03,4.7,1239.65506972
2012-01-04,1.2,963.0
2012-01-05,5.3,1243.3
2012-01-06,3.3,1519.2
2012-01-07,3.2,1716.97125738
2012-01-08,2.9,1820.4
2012-01-09,1.7,1618.2
2012-01-10,1.2,1405.3
2012-01-11,1.8,1170.0
2012-01-12,5.0,1266.5
2012-01-13,2.6,1140.7
2012-01-14,1.0,830.705861223
2012-01-15,1.12962962963,609.6
2012-01-16,1.37037037037,1274.3
2012-01-17,1.5,944.9
2012-01-18,0.6,1225.404293
2012-01-19,2.5,1683.7
2012-01-20,3.5,2023.4
2012-01-21,1.4,2371.58371136
2012-01-22,3.8,2570.1
2012-01-23,3.5,2124.6
2012-01-24,2.8,1798.6
2012-01-25,3.5,2124.1
2012-01-26,4.42363636364,2340.20736229
2012-01-27,5.5,2451.3
2012-01-28,6.9,2231.06022955
2012-01-29,5.5,1791.9
2012-01-30,4.1,1049.8
2012-01-31,5.5,1329.2
2012-02-01,3.9,1233.0
2012-02-02,3.5,1874.9
2012-02-03,5.3,1889.3
2012-02-04,6.2,1955.9914914
2012-02-05,7.2,2010.2
2012-02-06,4.2,1595.4
2012-02-07,6.4,873.5
2012-02-08,3.5,1581.1
2012-02-09,5.3,1765.9
2012-02-10,7.1,2103.8
2012-02-11,4.7,2083.11111111
2012-02-12,12.7,2044.68888889
2012-02-13,8.5,2024.0
2012-02-14,5.4,2521.0
2012-02-15,7.2,2347.9
2012-02-16,9.04679054054,2444.98662717
2012-02-17,10.1,2588.6
2012-02-18,7.9,2687.71337283
2012-02-19,8.43792066178,2740.3
2012-02-20,9.48695243467,1686.4
2012-02-21,10.2,2250.1
2012-02-22,10.4156725888,1907.0
2012-02-23,10.5,2211.6
2012-02-24,8.0,2311.1
2012-02-25,11.5,2110.35
2012-02-26,16.7,1909.6
2012-02-27,5.6,1909.6
2012-02-28,9.9,1807.7
2012-02-29,8.2,1725.6
2012-03-01,6.3,2440.6
2012-03-02,12.0,2201.2
2012-03-03,10.8,2252.58900747
2012-03-04,18.8,2314.0
2012-03-05,13.4470326409,2325.1
2012-03-06,7.9,2569.6
2012-03-07,7.52676118255,2145.1
2012-03-08,7.19203209144,2145.1
2012-03-09,6.90890207715,2145.1
2012-03-10,6.69046049016,1987.62592593
2012-03-11,6.54979668095,1695.17407407
2012-03-12,6.5,1537.7
2012-03-13,10.6,2168.2
2012-03-14,10.4264,1781.1
2012-03-15,9.9552,2055.5
2012-03-16,9.2608,2537.9
2012-03-17,8.4176,2415.28792407
2012-03-18,7.5,2165.4
2012-03-19,6.5824,1695.4
2012-03-20,5.7392,1758.6
2012-03-21,5.0448,1723.8
2012-03-22,4.5736,1674.9
2012-03-23,4.4,1415.4
2012-03-24,7.3,1480.3
2012-03-25,12.0,1545.2
2012-03-26,5.5,1201.6
2012-03-27,5.0,1446.1
2012-03-28,7.5,1424.7
2012-03-29,5.7,1815.9
2012-03-30,5.34875,2610.7
2012-03-31,5.2,2598.340625
2012-04-01,5.54375,2571.15
2012-04-02,6.3,2543.959375
2012-04-03,7.05625,2531.6
2012-04-04,7.4,3082.3
2012-04-05,6.9,2185.2
2012-04-06,7.1,1250.8
2012-04-07,9.30053191489,1088.27668511
2012-04-08,11.3,1020.2
2012-04-09,3.8,1189.9
2012-04-10,5.9,1500.6
2012-04-11,7.4,1699.38397776
2012-04-12,7.3,1854.7
2012-04-13,4.6,1954.8
2012-04-14,7.5,1834.2666041
2012-04-15,6.05,1568.8
2012-04-16,4.6,790.9
2012-04-17,7.7,1199.4
2012-04-18,7.07777777778,1525.8
2012-04-19,5.92222222222,1088.4
2012-04-20,5.3,1243.6
2012-04-21,7.1,1434.92139974
2012-04-22,12.3,1549.3
2012-04-23,4.2,990.4
2012-04-24,4.9,768.2
2012-04-25,3.6,747.358106721
2012-04-26,7.2,739.0
2012-04-27,4.9,951.8
2012-04-28,6.5,1379.13314226
2012-04-29,4.8,1703.3
2012-04-30,6.2,1770.00022571
2012-05-01,5.1,1816.33900174
2012-05-02,4.0,1833.7
2012-05-03,4.06093145941,1686.5
2012-05-04,4.22765786082,1843.1
2012-05-05,4.47607723905,1711.26666667
2012-05-06,4.78208762887,1466.43333333
2012-05-07,5.12158706508,1334.6
2012-05-08,5.47047358247,1343.3
2012-05-09,5.80464521585,1315.6
2012-05-10,6.1,1784.5
2012-05-11,6.42257570876,1601.1
2012-05-12,6.78395618557,1518.01283687
2012-05-13,7.07835856959,1430.8
2012-05-14,7.2,1185.0
2012-05-15,2.9,1017.318955
2012-05-16,2.6,930.6
2012-05-17,5.5,1047.2
2012-05-18,4.1,962.9
2012-05-19,6.8,984.3
2012-05-20,10.5,1005.7
2012-05-21,7.0,913.1
2012-05-22,2.9,1015.7
2012-05-23,4.2,923.3
2012-05-24,9.7,1082.6
2012-05-25,7.1,1311.9
2012-05-26,7.45,1398.92267828
2012-05-27,7.8,1439.1
2012-05-28,6.98518518519,1202.3
2012-05-29,5.37037037037,1254.1
2012-05-30,4.2,1201.6
2012-05-31,3.9,1092.2
2012-06-01,6.1,1211.2
2012-06-02,8.5,1298.98707995
2012-06-03,8.4449,1345.2
2012-06-04,8.2872,1020.5
2012-06-05,8.0383,1032.9
2012-06-06,7.7096,1287.4
2012-06-07,7.3125,1558.5
2012-06-08,6.8584,1320.3
2012-06-09,6.3587,1369.45
2012-06-10,5.8248,1418.6
2012-06-11,5.2681,1005.9
2012-06-12,4.7,1055.8
2012-06-13,4.1319,756.6
2012-06-14,3.5752,679.0
2012-06-15,3.0413,858.4
2012-06-16,2.5416,985.199269177
2012-06-17,2.0875,1051.3
2012-06-18,1.6904,978.2
2012-06-19,1.3617,990.9
2012-06-20,1.1128,1180.1
2012-06-21,0.9551,1173.62546884
2012-06-22,0.9,1156.1179169
2012-06-23,1.01078717201,1130.45140651
2012-06-24,1.29650145773,1099.5
2012-06-25,1.68717201166,636.8
2012-06-26,2.11282798834,722.4
2012-06-27,2.50349854227,860.1
2012-06-28,2.78921282799,793.9
2012-06-29,2.9,994.2
2012-06-30,2.6,1031.07313116
2012-07-01,3.22222222222,1046.6
2012-07-02,4.37777777778,875.6
2012-07-03,5.0,995.1
2012-07-04,4.91747933774,754.7
2012-07-05,4.70044132987,1019.2
2012-07-06,4.39467194479,1274.7
2012-07-07,4.04595715088,1259.30986228
2012-07-08,3.70008291652,1223.5
2012-07-09,3.4028352101,1063.9
2012-07-10,3.2,1067.9
2012-07-11,3.07090275229,897.7
2012-07-12,2.96113027523,967.6
2012-07-13,2.86586055046,1084.1
2012-07-14,2.78027155963,1001.09449782
2012-07-15,2.6995412844,852.8
2012-07-16,2.61884770642,697.1
2012-07-17,2.53336880734,697.1
2012-07-18,2.43828256881,777.23336677
2012-07-19,2.32876697248,921.2
2012-07-20,2.2,1075.8
2012-07-21,1.93375,1252.33338335
2012-07-22,1.53,1355.8
2012-07-23,1.16125,952.3
2012-07-24,1.0,818.9
2012-07-25,3.8,784.9
2012-07-26,4.2,840.5
2012-07-27,3.99259259259,1100.0
2012-07-28,3.47407407407,1096.41217919
2012-07-29,2.8,1087.2
2012-07-30,2.12592592593,874.9
2012-07-31,1.60740740741,717.2
2012-08-01,1.4,483.5
2012-08-02,1.9,779.4
2012-08-03,0.6,669.4
2012-08-04,1.8,827.0
2012-08-05,1.8,984.6
2012-08-06,1.8,897.1
2012-08-07,1.8,805.5
2012-08-08,1.79986295462,120.0
2012-08-09,1.79945460111,829.1
2012-08-10,1.79877911345,1291.4
2012-08-11,1.79784066561,1338.79842248
2012-08-12,1.79664343156,1357.9
2012-08-13,1.79519158527,1149.6
2012-08-14,1.79348930072,1024.3
2012-08-15,1.79154075187,1052.88098796
2012-08-16,1.7893501127,1100.2
2012-08-17,1.78692155717,1137.1
2012-08-18,1.78425925926,1080.88138471
2012-08-19,1.78136739294,965.6
2012-08-20,1.77825013218,741.9
2012-08-21,1.77491165094,1242.5
2012-08-22,1.77135612322,1136.2
2012-08-23,1.76758772296,1174.7
2012-08-24,1.76361062415,1240.36402497
2012-08-25,1.75942900075,1312.45979026
2012-08-26,1.75504702674,1346.4
2012-08-27,1.75046887609,768.9
2012-08-28,1.74569872276,320.0
2012-08-29,1.74074074074,375.0
2012-08-30,1.73559910399,582.9
2012-08-31,1.73027798648,791.638990109
2012-09-01,1.72478156218,993.90710137
2012-09-02,1.71911400506,1131.1
2012-09-03,1.71327948911,1179.8
2012-09-04,1.70728218827,1052.0
2012-09-05,1.70112627654,1023.7158791
2012-09-06,1.69481592787,1002.47460622
2012-09-07,1.68835531625,994.1
2012-09-08,1.68174861563,1094.65
2012-09-09,1.675,1195.2
2012-09-10,1.66811364332,953.0
2012-09-11,1.66109371956,738.634992535
2012-09-12,1.6539444027,620.8
2012-09-13,1.64666986671,865.2
2012-09-14,1.63927428556,1186.0
2012-09-15,1.63176183321,1158.39340433
2012-09-16,1.62413668364,1099.6
2012-09-17,1.61640301082,959.5
2012-09-18,1.60856498873,976.0
2012-09-19,1.60062679133,828.9
2012-09-20,1.59259259259,366.5
2012-09-21,1.58446656649,941.6
2012-09-22,1.576252887,1056.31307107
2012-09-23,1.56795572808,1105.0
2012-09-24,1.55957926371,1061.3
2012-09-25,1.55112766786,1109.6
2012-09-26,1.54260511451,960.0
2012-09-27,1.53401577761,909.4
2012-09-28,1.52536383115,1069.9
2012-09-29,1.51665344909,1047.54702225
2012-09-30,1.50788880541,993.86071117
2012-10-01,1.49907407407,928.9
2012-10-02,1.49021342906,804.372099967
2012-10-03,1.48131104433,711.8
2012-10-04,1.47237109386,906.1
2012-10-05,1.46339775162,1236.2
2012-10-06,1.45439519159,1459.7043535
2012-10-07,1.44536758772,1575.1
2012-10-08,1.43631911401,1162.1
2012-10-09,1.4272539444,973.5
2012-10-10,1.41817625289,837.938689159
2012-10-11,1.40909021343,767.0
2012-10-12,1.4,1066.3
2012-10-13,1.39090978657,1104.49301945
2012-10-14,1.38182374711,1120.1
2012-10-15,1.3727460556,802.2
2012-10-16,1.36368088599,615.0
2012-10-17,1.35463241228,718.0
2012-10-18,1.34560480841,991.9
2012-10-19,1.33660224838,1156.65695608
2012-10-20,1.32762890614,1296.96736693
2012-10-21,1.31868895567,1356.3
2012-10-22,1.30978657094,1025.2
2012-10-23,1.30092592593,919.0
2012-10-24,1.29211119459,921.78115414
2012-10-25,1.28334655091,929.517863837
2012-10-26,1.27463616885,941.3
2012-10-27,1.26598422239,1146.07536826
2012-10-28,1.25739488549,1344.1
2012-10-29,1.24887233214,1048.9
2012-10-30,1.24042073629,1122.4
2012-10-31,1.23204427192,1096.8
2012-11-01,1.223747113,1005.2
2012-11-02,1.21553343351,1193.7
2012-11-03,1.20740740741,1160.25006359
2012-11-04,1.19937320867,1098.4
2012-11-05,1.19143501127,1036.95409142
2012-11-06,1.18359698918,957.8
2012-11-07,1.17586331636,806.7
2012-11-08,1.16823816679,840.8
2012-11-09,1.16072571444,1224.3
2012-11-10,1.15333013329,1132.17956052
2012-11-11,1.1460555973,941.0
2012-11-12,1.13890628044,546.1
2012-11-13,1.13188635668,372.1
2012-11-14,1.125,467.585185185
2012-11-15,1.11825138437,644.914814815
2012-11-16,1.11164468375,740.4
2012-11-17,1.10518407213,731.25
2012-11-18,1.09887372346,722.1
2012-11-19,1.09271781173,758.4
2012-11-20,1.08672051089,1001.1
2012-11-21,1.08088599494,929.1
2012-11-22,1.07521843782,1023.4
2012-11-23,1.06972201352,1524.5
2012-11-24,1.06440089601,1414.36908939
2012-11-25,1.05925925926,1197.9
2012-11-26,1.05430127724,856.0
2012-11-27,1.04953112391,972.7
2012-11-28,1.04495297326,826.0
2012-11-29,1.04057099925,799.7
2012-11-30,1.03638937585,1212.3
2012-12-01,1.03241227704,1220.39654726
2012-12-02,1.02864387678,1228.16855559
2012-12-03,1.02508834906,1235.44834017
2012-12-04,1.02174986782,1242.06821621
2012-12-05,1.01863260706,1247.86049889
2012-12-06,1.01574074074,1252.65750342
2012-12-07,1.01307844283,1256.29154498
2012-12-08,1.0106498873,1258.59493878
2012-12-09,1.00845924813,1259.4
2012-12-10,1.00651069928,1076.7
2012-12-11,1.00480841473,1129.0
2012-12-12,1.00335656844,812.8
2012-12-13,1.00215933439,840.315625
2012-12-14,1.00122088655,900.85
2012-12-15,1.00054539889,961.384375
2012-12-16,1.00013704538,988.9
2012-12-17,1.0,742.6
2012-12-18,1.0293037037,918.5
2012-12-19,1.11176296296,791.9
2012-12-20,1.2392,1065.0
2012-12-21,1.40343703704,1210.5
2012-12-22,1.5962962963,1169.87777778
2012-12-23,1.8096,1068.32222222
2012-12-24,2.03517037037,936.3
2012-12-25,2.26482962963,804.277777778
2012-12-26,2.4904,702.722222222
2012-12-27,2.7037037037,662.1
2012-12-28,2.89656296296,1031.4
2012-12-29,3.0608,1166.62612389
2012-12-30,3.18823703704,1228.7
2012-12-31,3.2706962963,883.2
2013-01-01,3.3,1142.0
2013-01-02,0.4,862.9
2013-01-03,2.3,857.1
2013-01-04,1.6,1193.4
2013-01-05,3.2,1237.94791378
2013-01-06,5.3,1256.2
2013-01-07,1.2,989.7
2013-01-08,4.8,1152.7
2013-01-09,0.4,1167.89927484
2013-01-10,2.9,1182.6
2013-01-11,0.3,1284.1
2013-01-12,1.1,1445.54441256
2013-01-13,1.9,1548.7
2013-01-14,1.2,747.1
2013-01-15,2.2,803.0
2013-01-16,3.2,1024.39626084
2013-01-17,1.0,1199.3
2013-01-18,4.5,1173.1
2013-01-19,4.1,1288.70561951
2013-01-20,4.0,1481.5
2013-01-21,2.6,1636.1
2013-01-22,2.2,1952.6
2013-01-23,2.45925925926,1867.6
2013-01-24,2.94074074074,210.8
2013-01-25,3.2,2020.0
2013-01-26,2.70740740741,2302.54939973
2013-01-27,1.79259259259,2419.8
2013-01-28,1.3,1845.0
2013-01-29,1.8,1888.3
2013-01-30,2.5,2101.36183391
2013-01-31,2.77325581395,2411.11980584
2013-02-01,2.9,2569.5
2013-02-02,1.9,2541.11111111
2013-02-03,2.1,2488.38888889
2013-02-04,5.7,2460.0
2013-02-05,6.6,2601.3
2013-02-06,5.3,2380.4
2013-02-07,3.1,2383.38544415
2013-02-08,4.00740740741,2391.73618439
2013-02-09,5.69259259259,2404.54383244
2013-02-10,6.6,2420.9
2013-02-11,4.0,2788.75690781
2013-02-12,4.64814814815,3147.7
2013-02-13,5.85185185185,2375.2
2013-02-14,6.5,271.1
2013-02-15,4.2,3123.7
2013-02-16,6.5,2982.2176534
2013-02-17,4.2,2703.9
2013-02-18,3.6,2242.3823466
2013-02-19,3.9,1917.7
2013-02-20,1.3,2381.3
2013-02-21,1.8,2744.0
2013-02-22,3.584,2735.3125
2013-02-23,5.992,2716.2
2013-02-24,7.2,2697.0875
2013-02-25,6.3,2688.4
2013-02-26,7.4,3170.3
2013-02-27,2.7,3112.24752187
2013-02-28,5.3,2962.53323615
2013-03-01,7.9,2757.82186589
2013-03-02,7.7,2534.77813411
2013-03-03,11.6,2330.06676385
2013-03-04,9.8,2180.35247813
2013-03-05,9.7,2122.3
2013-03-06,7.64705882353,2221.77355072
2013-03-07,5.7,2377.1
2013-03-08,9.7,2473.9
2013-03-09,11.4,2191.94644836
2013-03-10,6.6,1814.1
2013-03-11,3.6,1688.2
2013-03-12,2.9,1805.8
2013-03-13,4.0,1590.4
2013-03-14,2.35,1733.6
2013-03-15,0.7,1963.0
2013-03-16,6.2,2281.60751998
2013-03-17,6.4,2478.1
2013-03-18,3.4,1955.4
2013-03-19,6.8,1926.7
2013-03-20,3.9,2957.7
2013-03-21,4.3,1959.1
2013-03-22,4.7,2080.3
2013-03-23,3.2,1958.56355214
2013-03-24,6.3,1699.36043761
2013-03-25,10.4,1461.7
2013-03-26,63.3,1319.1
2013-03-27,3.1,1416.84379543
2013-03-28,3.1,1603.7
2013-03-29,6.6,1864.1
2013-03-30,11.4,2050.40806943
2013-03-31,7.9,2147.8
2013-04-01,3.7,1542.3
2013-04-02,10.2,1635.24560164
2013-04-03,8.0,1783.7
2013-04-04,8.06988120196,1884.6
2013-04-05,8.25087351502,1814.76642554
2013-04-06,8.5,1654.33285107
2013-04-07,10.4,1476.9
2013-04-08,5.4,1258.0
2013-04-09,11.3,1692.5
2013-04-10,6.5,1614.0
2013-04-11,3.2,1252.11412036
2013-04-12,7.6,958.2
2013-04-13,10.9340062112,1247.75
2013-04-14,12.7,1537.3
2013-04-15,10.9,1072.7
2013-04-16,12.2,1098.0
2013-04-17,12.4,959.6
2013-04-18,6.8,833.8
2013-04-19,8.4,999.1
2013-04-20,8.5,1151.78476277
2013-04-21,7.1,1236.6
2013-04-22,5.7,1223.0
2013-04-23,7.8,1169.2
2013-04-24,3.2,959.1
2013-04-25,2.2,903.4
2013-04-26,3.9,982.577777778
2013-04-27,6.0,1129.62222222
2013-04-28,3.7,1208.8
2013-04-29,6.8,1072.5
2013-04-30,7.43722325678,799.7
2013-05-01,7.91305607283,915.489527845
2013-05-02,8.1,1159.74572236
2013-05-03,6.8,1377.8
2013-05-04,14.1,1540.54928117
2013-05-05,8.35,1626.6
2013-05-06,2.6,1208.7
2013-05-07,10.1,1032.9
2013-05-08,12.4475733634,1159.0
2013-05-09,13.5,1085.9
2013-05-10,5.0,1662.0
2013-05-11,5.14787514788,1540.1604357
2013-05-12,5.51797251797,1297.7
2013-05-13,6.0,891.9
2013-05-14,7.7,843.7
2013-05-15,6.1,1257.7
2013-05-16,3.1,1300.8
2013-05-17,4.4,1278.33873214
2013-05-18,4.6,1221.5885754
2013-05-19,7.0,1146.5
2013-05-20,7.1,923.714759671
2013-05-21,11.8,740.4
2013-05-22,4.2,897.6
2013-05-23,7.4,1054.8
2013-05-24,8.3,853.7
2013-05-25,4.5,968.25
2013-05-26,2.5,1082.8
2013-05-27,3.9,957.7
2013-05-28,5.0,1052.65
2013-05-29,3.6,1147.6
2013-05-30,4.9,1038.2
2013-05-31,1.4,1038.3
2013-06-01,8.4,1033.90166904
2013-06-02,4.3,1021.42477102
2013-06-03,3.96261138646,1001.9464482
2013-06-04,3.63599714231,976.543842866
2013-06-05,3.32787893688,946.294097293
2013-06-06,3.0459784395,912.274353755
2013-06-07,2.7980173195,875.561754529
2013-06-08,2.59171724622,837.233441889
2013-06-09,2.43479988899,798.366558111
2013-06-10,2.33498691714,760.038245471
2013-06-11,2.3,723.325646245
2013-06-12,2.8,689.305902707
2013-06-13,3.2,659.056157134
2013-06-14,2.2,633.653551801
2013-06-15,3.1,614.175228984
2013-06-16,4.5,601.698330959
2013-06-17,3.8,597.3
2013-06-18,2.5,693.3
2013-06-19,1.8,1243.2
2013-06-20,2.15711297071,1335.2
2013-06-21,3.0,1167.3
2013-06-22,7.3,852.154045421
2013-06-23,6.6,642.0
2013-06-24,2.8,642.0
2013-06-25,1.8,514.4
2013-06-26,1.8,898.5
2013-06-27,1.86428571429,1128.1
2013-06-28,2.0,1012.0
2013-06-29,2.28571428571,828.852046229
2013-06-30,2.5,688.5
2013-07-01,2.47195121951,660.3
2013-07-02,2.4,656.471442688
2013-07-03,0.8,654.9
2013-07-04,0.825555555556,710.6
2013-07-05,0.9,1087.8
2013-07-06,3.12444444444,1210.82016273
2013-07-07,5.3,1266.3
2013-07-08,0.5,1058.5
2013-07-09,0.5,949.8
2013-07-10,2.9,1027.3
2013-07-11,2.8775390625,893.4
2013-07-12,2.8140625,689.4
2013-07-13,2.7154296875,922.45
2013-07-14,2.5875,1155.5
2013-07-15,2.4361328125,820.5
2013-07-16,2.2671875,819.0
2013-07-17,2.0865234375,940.955555556
2013-07-18,1.9,1167.44444444
2013-07-19,1.7134765625,1289.4
2013-07-20,1.5328125,1192.30116913
2013-07-21,1.3638671875,989.2
2013-07-22,1.2125,551.6
2013-07-23,1.0845703125,773.1
2013-07-24,0.9859375,758.1
2013-07-25,0.9224609375,1048.5
2013-07-26,0.9,966.0
2013-07-27,4.2,903.384776664
2013-07-28,2.7,828.4
2013-07-29,1.2,608.8
2013-07-30,1.9,732.1
2013-07-31,2.3,716.6
2013-08-01,2.0,731.4
2013-08-02,1.7,706.7
2013-08-03,5.2,730.465625
2013-08-04,5.19766322231,782.75
2013-08-05,5.19072280261,835.034375
2013-08-06,5.17928361095,858.8
2013-08-07,5.16345051737,623.05
2013-08-08,5.14332839193,387.3
2013-08-09,5.11902210466,469.225892679
2013-08-10,5.09063652562,658.818452025
2013-08-11,5.05827652485,871.8
2013-08-12,5.0220469724,1154.3
2013-08-13,4.98205273833,254.7
2013-08-14,4.93839869266,436.4
2013-08-15,4.89118970546,282.633711048
2013-08-16,4.84053064677,128.4
2013-08-17,4.78652638664,127.595624803
2013-08-18,4.72928179511,127.081145735
2013-08-19,4.66890174223,126.9
2013-08-20,4.60549109806,183.2
2013-08-21,4.53915473263,160.1
2013-08-22,4.46999751599,87.8
2013-08-23,4.3981243182,321.5
2013-08-24,4.32364000929,296.603602217
2013-08-25,4.24664945932,251.0
2013-08-26,4.16725753834,198.0
2013-08-27,4.08556911639,242.8
2013-08-28,4.00168906351,283.3
2013-08-29,3.91572224976,215.35
2013-08-30,3.82777354518,147.4
2013-08-31,3.73794781982,150.838967462
2013-09-01,3.64634994373,159.476902386
2013-09-02,3.55308478696,170.795353579
2013-09-03,3.45825721955,182.275869848
2013-09-04,3.36197211155,191.4
2013-09-05,3.264334333,199.009111131
2013-09-06,3.16544875396,207.076106692
2013-09-07,3.06542024447,214.779840022
2013-09-08,2.96435367458,221.299164457
2013-09-09,2.86235391433,225.812933337
2013-09-10,2.75952583378,227.5
2013-09-11,2.65597430297,142.8
2013-09-12,2.55180419195,173.8
2013-09-13,2.44712037077,167.6
2013-09-14,2.34202770947,142.96948406
2013-09-15,2.23663107809,123.5
2013-09-16,2.1310353467,159.3
2013-09-17,2.02534538533,176.3
2013-09-18,1.91966606403,187.736488801
2013-09-19,1.81410225286,197.834965905
2013-09-20,1.70875882185,207.5
2013-09-21,1.60374064105,216.271561374
2013-09-22,1.49915258052,223.966881542
2013-09-23,1.39509951029,231.906421022
2013-09-24,1.29168630043,241.410640335
2013-09-25,1.18901782096,253.8
2013-09-26,1.08719894195,349.3
2013-09-27,0.986334533436,219.0
2013-09-28,0.886529465468,185.136044678
2013-09-29,0.787888608093,159.351355672
2013-09-30,0.690516831358,149.1
2013-10-01,0.594519005311,168.0
2013-10-02,0.5,200.944379607
2013-10-03,0.326563840435,222.5
2013-10-04,0.2,144.9
2013-10-05,0.214814814815,142.920455088
2013-10-06,0.251851851852,141.720500532
2013-10-07,0.3,139.8
2013-10-08,0.348148148148,114.5
2013-10-09,0.385185185185,322.2
2013-10-10,0.4,117.5
2013-10-11,0.3,153.7
2013-10-12,0.275664516129,151.090625
2013-10-13,0.257832258065,145.35
2013-10-14,0.242167741935,139.609375
2013-10-15,0.224335483871,137.0
2013-10-16,0.2,333.4
2013-10-17,0.1,82.4
2013-10-18,0.101729631315,505.1
2013-10-19,0.106736458807,451.7875
2013-10-20,0.114747382795,334.5
2013-10-21,0.125489303596,217.2125
2013-10-22,0.138689121529,163.9
2013-10-23,0.154073736914,176.0
2013-10-24,0.171370050068,199.1
2013-10-25,0.190304961311,211.1
2013-10-26,0.21060537096,331.968
2013-10-27,0.231998179335,529.484
2013-10-28,0.254210286755,633.2
2013-10-29,0.276968593537,570.706206274
2013-10-30,0.3,440.1
2013-10-31,0.323031406463,160.0
2013-11-01,0.345789713245,240.5
2013-11-02,0.368001820665,231.061504561
2013-11-03,0.38939462904,207.260513683
2013-11-04,0.409695038689,175.868770525
2013-11-05,0.428629949932,143.658018244
2013-11-06,0.445926263086,117.4
2013-11-07,0.461310878471,100.3
2013-11-08,0.474510696404,463.3
2013-11-09,0.485252617205,396.814578652
2013-11-10,0.493263541193,292.8
2013-11-11,0.498270368685,227.5
2013-11-12,0.5,181.7
2013-11-13,0.49482421875,153.1
2013-11-14,0.48046875,189.7
2013-11-15,0.45869140625,176.528125
2013-11-16,0.43125,147.55
2013-11-17,0.39990234375,118.571875
2013-11-18,0.36640625,105.4
2013-11-19,0.33251953125,170.2
2013-11-20,0.3,566.8
2013-11-21,0.2421875,360.5
2013-11-22,0.2,154.2
2013-11-23,0.45,170.498537551
2013-11-24,0.7,212.352630658
2013-11-25,0.5,269.2
2013-11-26,0.396875,609.7
2013-11-27,0.3,147.3
2013-11-28,0.228125,204.6
2013-11-29,0.2,233.3
2013-11-30,0.214,509.600106972
2013-12-01,0.252,757.5
2013-12-02,0.308,620.3
2013-12-03,0.376,205.6
2013-12-04,0.45,609.2
2013-12-05,0.524,129.4
2013-12-06,0.592,193.8
2013-12-07,0.648,262.430823178
2013-12-08,0.686,329.045735319
2013-12-09,0.7,394.160824523
2013-12-10,0.45,458.292178888
2013-12-11,0.2,521.955886511
2013-12-12,0.6,585.668035491
2013-12-13,0.9,649.944713928
2013-12-14,2.2,715.302009918
2013-12-15,2.1,782.256011561
2013-12-16,2.1,851.322806955
2013-12-17,2.1,923.018484198
2013-12-18,2.1,997.859131389
2013-12-19,0.9,1076.36083663
2013-12-20,0.4,1159.03968801
2013-12-21,0.4,1246.41177363
2013-12-22,0.5,1338.9931816
2013-12-23,0.2,1437.3
2013-12-24,0.5,1786.8
2013-12-25,1.0,1409.6
2013-12-26,1.4,1032.4
2013-12-27,0.6,1176.7
2013-12-28,0.6,1578.15961675
2013-12-29,0.6,1872.7
2013-12-30,0.3,1631.0
2013-12-31,1.9,1766.0
2014-01-01,0.4,1396.3
2014-01-02,1.2,2110.6
2014-01-03,0.6,2508.3
2014-01-04,1.1,2804.27608679
2014-01-05,2.6,2960.4
2014-01-06,1.9,2343.5
2014-01-07,3.9,2547.4
2014-01-08,1.6,1018.4
2014-01-09,5.0,2430.4
2014-01-10,3.3,2887.5
2014-01-11,4.7,2555.95925926
2014-01-12,4.32068965517,1940.24074074
2014-01-13,3.6,1608.7
2014-01-14,2.52931034483,1650.43632014
2014-01-15,1.8,1748.79486251
2014-01-16,3.0,1863.5
2014-01-17,2.5,2047.2
2014-01-18,2.54970760234,2097.45850653
2014-01-19,2.66608187135,2133.65071473
2014-01-20,2.8,2187.9
2014-01-21,3.0,2574.3
2014-01-22,4.3,2373.8
2014-01-23,4.5801369863,3036.0
2014-01-24,4.7,3598.1
2014-01-25,2.5,3170.97037037
2014-01-26,4.7,2377.72962963
2014-01-27,6.9,1950.6
2014-01-28,6.7,3203.3
2014-01-29,6.5,2291.5
2014-01-30,6.6,2951.1
2014-01-31,6.3,3036.3
2014-02-01,4.1,2987.32592593
2014-02-02,6.8,2896.37407407
2014-02-03,9.5,2847.4
2014-02-04,5.1,2913.0
2014-02-05,9.3,2507.7
2014-02-06,10.1,3101.1
2014-02-07,7.5,3603.6
2014-02-08,9.34074074074,3227.69375
2014-02-09,12.7592592593,2400.7
2014-02-10,14.6,1573.70625
2014-02-11,11.2,1197.8
2014-02-12,7.8,2311.9
2014-02-13,9.0,2088.7
2014-02-14,6.8,2886.3
2014-02-15,9.9,2808.26296296
2014-02-16,7.55346534653,2663.33703704
2014-02-17,5.1,2585.3
2014-02-18,5.0,2597.8
2014-02-19,6.8,2719.42403008
2014-02-20,3.5,2846.9
2014-02-21,4.2,2866.4
2014-02-22,5.90749354005,2879.0218396
2014-02-23,7.98708010336,2890.38964165
2014-02-24,9.0,2908.2
2014-02-25,8.8,3722.1
2014-02-26,4.9,3243.7
2014-02-27,5.2,3531.4
2014-02-28,5.5,3819.1
2014-03-01,1.9,3532.72222222
2014-03-02,3.75,3000.87777778
2014-03-03,5.6,2714.5
2014-03-04,3.0,2842.2
2014-03-05,5.6,3516.1
2014-03-06,3.6,2895.4
2014-03-07,5.7,2860.5
2014-03-08,6.5,2902.95
2014-03-09,6.9,2945.4
2014-03-10,2.4,1846.3
2014-03-11,2.4,3410.6
2014-03-12,4.4,2923.5
2014-03-13,5.6,2617.7
2014-03-14,4.8,3193.3
2014-03-15,0.2,2856.6962285
2014-03-16,9.1,2420.6
2014-03-17,2.7,2283.84755495
2014-03-18,4.8,2152.6
2014-03-19,3.8,1774.0
2014-03-20,7.9,1922.7
2014-03-21,7.446875,2061.6
2014-03-22,6.45,2114.80093224
2014-03-23,5.453125,2139.4
2014-03-24,5.0,1655.3
2014-03-25,6.4,1619.3
2014-03-26,5.5,1603.1
2014-03-27,4.75440682347,1599.6
2014-03-28,4.1,2003.0
2014-03-29,3.6,1830.390625
2014-03-30,2.75141509434,1450.65
2014-03-31,2.2,1070.909375
2014-04-01,4.0,898.3
2014-04-02,3.0,1441.1
2014-04-03,3.1,1935.1
2014-04-04,3.4,2470.9
2014-04-05,3.0,2371.88657132
2014-04-06,4.6,2179.67314263
2014-04-07,6.2,2051.5
2014-04-08,6.2,2017.44783705
2014-04-09,7.8,2002.5
2014-04-10,4.1,1997.45172115
2014-04-11,4.4,1993.24125386
2014-04-12,4.46985294118,1989.67739467
2014-04-13,4.5,1986.56894014
2014-04-14,2.6,1983.72468684
2014-04-15,2.0,1980.95343132
2014-04-16,2.19316351925,1978.06397015
2014-04-17,2.67521592739,1974.86509987
2014-04-18,3.3,1971.16561704
2014-04-19,5.4,1966.77431824
2014-04-20,2.2,1961.5
2014-04-21,2.25727848101,1737.8
2014-04-22,2.4,1684.8
2014-04-23,3.9,1789.8
2014-04-24,3.9,1712.0
2014-04-25,5.2,2121.2
2014-04-26,6.2,2112.86821673
2014-04-27,5.9,2091.3
2014-04-28,7.7,1367.0
2014-04-29,7.6,1572.9
2014-04-30,4.0,1608.2
2014-05-01,4.5,1630.78410809
2014-05-02,5.0,1642.3
2014-05-03,3.9,1569.1046729
2014-05-04,3.6,1440.0
2014-05-05,4.6,1311.2
2014-05-06,5.2,1429.2
2014-05-07,6.0,1359.7
2014-05-08,5.5,1256.8
2014-05-09,5.4,1728.4
2014-05-10,5.04718076285,1573.36296296
2014-05-11,4.48602819237,1285.43703704
2014-05-12,3.9,1130.4
2014-05-13,3.3,1216.7
2014-05-14,4.95,1202.6
2014-05-15,6.6,1233.0
2014-05-16,5.0,1127.2
2014-05-17,5.0,1031.75162799
2014-05-18,4.95312436393,927.898834138
2014-05-19,4.8201506208,818.825583478
2014-05-20,4.61255851822,707.71584103
2014-05-21,4.34182780379,597.753571819
2014-05-22,4.01943822512,492.122740869
2014-05-23,3.65686952982,394.007313204
2014-05-24,3.2656014655,306.591253848
2014-05-25,2.85711377977,233.058527826
2014-05-26,2.44288622023,176.593100161
2014-05-27,2.0343985345,140.378935878
2014-05-28,1.64313047018,127.6
2014-05-29,1.28056177488,143.018070096
2014-05-30,0.958172196214,185.938643605
2014-05-31,0.687441481783,251.361265362
2014-06-01,0.479849379198,334.2854802
2014-06-02,0.346875636068,429.710832954
2014-06-03,0.3,532.636868457
2014-06-04,6.2,638.063131543
2014-06-05,8.1,740.989167046
2014-06-06,11.3,836.4145198
2014-06-07,6.9,919.338734638
2014-06-08,9.1,984.761356395
2014-06-09,6.7,1027.6819299
2014-06-10,2.8,1043.1
2014-06-11,3.2,938.0
2014-06-12,3.6,872.0
2014-06-13,6.5,923.514814815
2014-06-14,6.7,1019.18518519
2014-06-15,4.1,1070.7
2014-06-16,4.1,649.2
2014-06-17,3.3,613.6
2014-06-18,3.6,639.3608
2014-06-19,3.3,700.7904
2014-06-20,4.6,774.1096
2014-06-21,4.57207943925,835.5392
2014-06-22,4.5,861.3
2014-06-23,2.4,671.2
2014-06-24,0.1,650.0
2014-06-25,1.2,755.8
2014-06-26,1.9,775.4
2014-06-27,2.0,1136.6
2014-06-28,4.5,1267.70270517
2014-06-29,2.5,1327.8
2014-06-30,0.8,965.5
2014-07-01,1.8,798.0
2014-07-02,2.5,860.7
2014-07-03,3.2,792.7
2014-07-04,1.2,1078.9
2014-07-05,0.5,1068.58919561
2014-07-06,3.9,1043.7
2014-07-07,1.9,881.0
2014-07-08,0.1,819.3
2014-07-09,1.1,793.0
2014-07-10,2.5,863.5
2014-07-11,0.9,981.0
2014-07-12,1.5,949.078481847
2014-07-13,2.1,875.2
2014-07-14,1.6,561.1
2014-07-15,1.2,563.8
2014-07-16,1.4,410.9
2014-07-17,1.3,582.4
2014-07-18,1.2,743.9
2014-07-19,1.8,803.949329359
2014-07-20,6.9,851.47466468
2014-07-21,2.2,870.8
2014-07-22,0.6,823.4
2014-07-23,2.2,728.6
2014-07-24,3.8,585.9
2014-07-25,3.05,774.3
2014-07-26,2.3,741.238410522
2014-07-27,4.0,677.2
2014-07-28,2.9,582.6
2014-07-29,1.525,263.6
2014-07-30,0.7,558.8
2014-07-31,0.9,535.7
2014-08-01,0.4,817.6
2014-08-02,1.6,1025.72115446
2014-08-03,2.8,1135.3
2014-08-04,0.2,1045.53850528
2014-08-05,0.45,880.7
2014-08-06,1.0,687.1
2014-08-07,2.6,732.271875
2014-08-08,1.5,831.65
2014-08-09,4.7,931.028125
2014-08-10,2.55,976.2
2014-08-11,0.4,760.1
2014-08-12,0.686693548387,544.0
2014-08-13,1.3,564.0
2014-08-14,2.8,688.219034538
2014-08-15,2.5,906.719697367
2014-08-16,2.2,1114.68551151
2014-08-17,2.6,1207.3
2014-08-18,1.2,1085.00740741
2014-08-19,1.50855263158,857.892592593
2014-08-20,1.9,735.6
2014-08-21,2.0,774.00625
2014-08-22,1.9,858.5
2014-08-23,1.95,942.99375
2014-08-24,2.0,981.4
2014-08-25,1.5,858.4
2014-08-26,2.7,863.7
2014-08-27,1.5,863.7
2014-08-28,1.9,1232.7
2014-08-29,2.6,1240.5
2014-08-30,0.2,1238.43568763
2014-08-31,5.8,1233.2
2014-09-01,1.6,1151.7
2014-09-02,1.3,988.6
2014-09-03,2.5,967.6
2014-09-04,0.4,955.2
2014-09-05,1.5,1025.2
2014-09-06,2.70282258065,964.583656935
2014-09-07,3.4,842.8
2014-09-08,1.5,629.4
2014-09-09,2.25,726.637443076
2014-09-10,3.0,897.3
2014-09-11,2.4,1082.69424742
2014-09-12,1.8,1222.3
2014-09-13,2.0,1269.4183095
2014-09-14,1.9,1288.9
2014-09-15,0.6,981.4
2014-09-16,1.8,982.749399314
2014-09-17,6.1,986.5
2014-09-18,2.6,1028.85060069
2014-09-19,3.0,1068.8
2014-09-20,2.0,1032.93023929
2014-09-21,3.9,958.7
2014-09-22,0.7,833.575870893
2014-09-23,1.3,681.576824336
2014-09-24,1.1,607.6
2014-09-25,0.2,621.597959184
2014-09-26,0.8,657.697959184
2014-09-27,2.046875,707.059183673
2014-09-28,2.9,760.840816327
2014-09-29,1.0,810.202040816
2014-09-30,0.8,846.302040816
2014-10-01,0.728571428571,860.3
2014-10-02,0.664285714286,838.190625
2014-10-03,0.617857142857,789.55
2014-10-04,0.6,740.909375
2014-10-05,0.935314384152,718.8
2014-10-06,1.64840654608,810.50505137
2014-10-07,2.3,941.3
2014-10-08,2.81860465116,998.3
2014-10-09,3.1,1103.6
2014-10-10,2.6,1241.4
2014-10-11,5.7,1388.1288692
2014-10-12,8.8,1472.6
2014-10-13,7.628125,1051.3
2014-10-14,5.05,1190.9
2014-10-15,2.471875,1074.9
2014-10-16,1.3,958.9
2014-10-17,2.3,1134.7
2014-10-18,2.04074074074,1116.99686408
2014-10-19,1.55925925926,1074.4
2014-10-20,1.3,806.5
2014-10-21,1.32578125,697.503572395
2014-10-22,1.39375,589.925905999
2014-10-23,1.48984375,491.971858186
2014-10-24,1.6,411.846286333
2014-10-25,1.71015625,357.754047812
2014-10-26,1.80625,337.9
2014-10-27,1.87421875,372.0
2014-10-28,1.9,795.4
2014-10-29,1.7,1043.2
2014-10-30,1.3,978.4
2014-10-31,0.6,960.6
2014-11-01,1.7,964.95
2014-11-02,2.6,969.3
2014-11-03,1.4,804.7
2014-11-04,2.75743243243,837.078478033
2014-11-05,4.2,906.9
2014-11-06,4.35827702703,1058.60198045
2014-11-07,4.48513513514,1187.1
2014-11-08,4.56942567568,1210.06954152
2014-11-09,4.6,1218.8
2014-11-10,1.1,875.7
2014-11-11,0.5,788.2
2014-11-12,0.8,738.8
2014-11-13,0.8,926.3
2014-11-14,1.5,1075.9
2014-11-15,1.30769230769,1022.12039622
2014-11-16,0.915384615385,913.918570227
2014-11-17,0.6,831.0
2014-11-18,0.414245014245,791.522887581
2014-11-19,0.262678062678,773.9
2014-11-20,0.2,874.8
2014-11-21,0.5,786.7
2014-11-22,0.669836956522,889.1
2014-11-23,0.83152173913,991.5
2014-11-24,0.952445652174,660.0
2014-11-25,1.0,791.3
2014-11-26,0.3,710.0
2014-11-27,3.3,1000.8
2014-11-28,0.8,1352.3
2014-11-29,1.1,1596.31128346
2014-11-30,2.0,1723.0
2014-12-01,0.2,1068.4
2014-12-02,1.2,1145.4
2014-12-03,1.27163461538,1157.30753029
2014-12-04,1.3,1169.9
2014-12-05,0.7,1353.1
2014-12-06,0.9,1232.0
2014-12-07,1.0,1110.9
2014-12-08,0.2,1160.7
2014-12-09,1.2,1375.9
2014-12-10,1.2,1178.9
2014-12-11,0.8,1326.3
2014-12-12,0.4,1371.2
2014-12-13,0.329545454545,1567.42709472
2014-12-14,0.3,1725.3
2014-12-15,0.6,1095.2
2014-12-16,0.9,1022.6
2014-12-17,0.4,1030.3
2014-12-18,0.4,1103.7
2014-12-19,0.2,1450.7
2014-12-20,0.3,1778.30178792
2014-12-21,0.5,2001.1
2014-12-22,1.2,2052.3
2014-12-23,1.3,2022.5
2014-12-24,1.6,1318.2
2014-12-25,1.4,1477.33833718
2014-12-26,1.2,1759.5
2014-12-27,1.96306818182,2099.06166282
2014-12-28,2.9,2315.6
2014-12-29,3.1,2017.9
2014-12-30,1.6,1446.0
2014-12-31,3.5,895.0
2015-01-01,2.8,1726.8
2015-01-02,0.7,1611.8
2015-01-03,2.3,1678.14444444
2015-01-04,2.0375,1801.35555556
2015-01-05,1.6,1867.7
2015-01-06,1.26346153846,1715.1
2015-01-07,0.9,1494.9
2015-01-08,0.4,1662.6
2015-01-09,2.1,2239.2
2015-01-10,1.99475218659,2429.25482668
2015-01-11,1.72332361516,2515.1001
2015-01-12,1.35218658892,2196.67785185
2015-01-13,0.947813411079,1605.32224815
2015-01-14,0.57667638484,1286.9
2015-01-15,0.305247813411,1539.57783244
2015-01-16,0.2,1855.6
2015-01-17,3.0,1968.77216756
2015-01-18,3.1,2018.6
2015-01-19,3.1,1786.4
2015-01-20,1.1,1992.5
2015-01-21,4.9,2102.0
2015-01-22,4.6,2236.6001
2015-01-23,4.05560677966,2492.75738648
2015-01-24,3.35305762712,2783.10645991
2015-01-25,2.65270508475,2921.3
2015-01-26,2.11490169492,2552.4
2015-01-27,1.9,2183.5
2015-01-28,4.7,2304.2
2015-01-29,3.7,2339.1001
2015-01-30,1.4,2205.6001
2015-01-31,4.0,2456.6001
2015-02-01,8.7,2707.6001
2015-02-02,3.8,2306.3
2015-02-03,2.8,2076.2
2015-02-04,3.0,2188.8999
2015-02-05,1.7,2746.2
2015-02-06,3.3,3435.0
2015-02-07,4.48917197452,3639.16720377
2015-02-08,5.54458598726,3730.0
2015-02-09,6.0,2592.0
2015-02-10,5.0,2790.0
2015-02-11,2.0,2774.0
2015-02-12,6.0,3308.0
2015-02-13,5.0,3142.0
2015-02-14,5.0,3054.57831867
2015-02-15,5.0,2961.0
2015-02-16,5.0,2716.0
2015-02-17,6.5,2587.11000622
2015-02-18,8.0,2524.0
2015-02-19,7.81570399226,2532.14814815
2015-02-20,7.33125820549,2552.51851852
2015-02-21,6.64932599437,2579.0
2015-02-22,5.87257071358,2605.48148148
2015-02-23,5.1036557178,2625.85185185
2015-02-24,4.44524436171,2634.0
2015-02-25,4.0,2573.0
2015-02-26,3.74761017527,2706.0
2015-02-27,3.56815822137,2274.05900603
2015-02-28,3.41490117984,1417.00690096
2015-03-01,3.2410960922,793.0
2015-03-02,3.0,630.0
2015-03-03,2.0,2118.0
2015-03-04,3.0,2984.0
2015-03-05,4.55736224029,2274.0
2015-03-06,6.22312556459,2133.12651462
2015-03-07,7.0,2033.88579252
2015-03-08,4.0,1923.0
2015-03-09,1.0,1753.0
2015-03-10,3.0,1079.0
2015-03-11,5.0,2716.0
2015-03-12,5.0,2468.0
2015-03-13,5.0,2017.0
2015-03-14,8.0,1266.13625033
2015-03-15,10.0,447.457014054
2015-03-16,2.0,63.0
2015-03-17,5.0,2895.0
2015-03-18,5.69852941176,2097.0
2015-03-19,6.0,2440.0
2015-03-20,6.0,2761.0
2015-03-21,5.65352449223,2040.95528564
2015-03-22,4.86260454002,1203.0
2015-03-23,4.0,1077.0
2015-03-24,3.0,1261.0
2015-03-25,2.33928571429,1096.0
2015-03-26,2.0,1007.0
2015-03-27,2.0,1454.0
2015-03-28,2.0,1833.4939096
2015-03-29,2.0,2040.0
2015-03-30,5.0,1621.0
2015-03-31,4.0,1632.0
2015-04-01,4.0,1295.0
2015-04-02,3.0,1301.0
2015-04-03,3.0,1675.0
2015-04-04,8.0,1917.18312836
2015-04-05,6.0,2041.0
2015-04-06,8.0,1331.0
2015-04-07,3.0,1765.0
2015-04-08,4.0,1906.37270501
2015-04-09,4.0,2041.0
2015-04-10,4.0,2360.0
2015-04-11,5.0,2235.01988072
2015-04-12,6.0,2000.0
2015-04-13,3.0,1689.59428614
2015-04-14,3.0,1343.68603196
2015-04-15,3.0,1180.0
2015-04-16,4.0,1436.0
2015-04-17,1.0,1580.77232271
2015-04-18,5.0,1702.71949469
2015-04-19,10.0,1754.0
2015-04-20,8.90625,1711.34375
2015-04-21,6.5,1617.5
2015-04-22,4.09375,1523.65625
2015-04-23,3.0,1481.0
2015-04-24,4.0,1638.0
2015-04-25,5.80681818182,1608.40021459
2015-04-26,7.0,1540.0
2015-04-27,4.0,1253.0
2015-04-28,3.0,1117.0
2015-04-29,3.0,991.0
2015-04-30,3.22222222222,1068.65625
2015-05-01,3.77777777778,1239.5
2015-05-02,4.5,1410.34375
2015-05-03,5.22222222222,1488.0
2015-05-04,5.77777777778,1411.3271028
2015-05-05,6.0,1264.0
2015-05-06,5.0,1054.0
2015-05-07,7.0,1229.73311258
2015-05-08,9.0,1497.0
2015-05-09,7.24193548387,1698.76688742
2015-05-10,5.0,1809.0
2015-05-11,4.0513739546,1788.38696007
2015-05-12,3.30346475508,1734.66280904
2015-05-13,3.0,1660.0
2015-05-14,3.0,953.0
2015-05-15,1.0,1228.0
2015-05-16,8.0,1318.91610738
2015-05-17,7.0,1360.0
2015-05-18,5.0,1191.0
2015-05-19,4.0,1353.0
2015-05-20,3.0,1292.0
2015-05-21,7.0,1237.0
2015-05-22,4.0,1331.0
2015-05-23,5.0,1442.21571602
2015-05-24,6.0,1508.0
2015-05-25,3.0,932.0
2015-05-26,1.64473684211,1027.0
2015-05-27,1.0,908.0
2015-05-28,3.0,917.0
2015-05-29,2.0,1065.0
2015-05-30,4.0,1283.82231405
2015-05-31,3.0,1421.0
2015-06-01,2.0,1290.0
2015-06-02,2.0,1128.0
2015-06-03,5.0,932.0
2015-06-04,4.0,786.0
2015-06-05,6.0,1074.0
2015-06-06,2.0,1172.34356895
2015-06-07,2.0,1217.0
2015-06-08,1.5,857.0
2015-06-09,1.0,1254.0
2015-06-10,2.0,1472.0
2015-06-11,6.0,889.0
2015-06-12,2.0,1079.0
2015-06-13,7.0,1169.51600985
2015-06-14,4.0,1213.0
2015-06-15,4.0,889.0
2015-06-16,4.0,933.0
2015-06-17,4.0,993.0
2015-06-18,3.0,1065.0
2015-06-19,4.0,1130.0
2015-06-20,2.0,1304.24393204
2015-06-21,3.0,1431.0
2015-06-22,-2.0,1024.5
2015-06-23,-25.0,618.0
