2006-01-01,9.0,4.5
2006-01-02,9.0,4.5
2006-01-03,16.0,4.5
2006-01-04,9.0,4.5
2006-01-05,4.5,13.9
2006-01-06,12.0,13.8989265233
2006-01-07,10.0,13.8957234075
2006-01-08,11.0,13.8904166237
2006-01-09,12.0,13.8830321431
2006-01-10,6.0,13.8735959369
2006-01-11,7.0,13.8621339765
2006-01-12,4.5,13.8486722328
2006-01-13,3.5,13.8332366773
2006-01-14,12.0,13.815853281
2006-01-15,9.0,13.7965480153
2006-01-16,6.0,13.7753468512
2006-01-17,12.0,13.75227576
2006-01-18,9.0,13.727360713
2006-01-19,5.8,13.7006276813
2006-01-20,12.0,13.6721026361
2006-01-21,4.8,13.6418115487
2006-01-22,6.9,13.6097803903
2006-01-23,9.0,13.576035132
2006-01-24,6.5,13.5406017451
2006-01-25,9.0,13.5035062007
2006-01-26,7.5,13.4647744702
2006-01-27,6.0,13.4244325247
2006-01-28,12.0,13.3825063354
2006-01-29,12.0,13.3390218735
2006-01-30,12.0,13.2940051103
2006-01-31,6.0,13.2474820169
2006-02-01,7.0,13.1994785646
2006-02-02,10.5,13.1500207245
2006-02-03,9.0,13.0991344679
2006-02-04,6.0,13.046845766
2006-02-05,8.0,12.99318059
2006-02-06,10.0,12.9381649111
2006-02-07,6.0,12.8818247005
2006-02-08,12.0,12.8241859294
2006-02-09,6.0,12.765274569
2006-02-10,13.0,12.7051165906
2006-02-11,12.0,12.6437379654
2006-02-12,12.0,12.5811646645
2006-02-13,12.0,12.5174226591
2006-02-14,7.0,12.4525379206
2006-02-15,14.0,12.38653642
2006-02-16,12.0,12.3194441287
2006-02-17,16.0,12.2512870177
2006-02-18,6.5,12.1820910584
2006-02-19,10.25,12.1118822219
2006-02-20,14.0,12.0406864794
2006-02-21,6.0,11.9685298022
2006-02-22,12.0,11.8954381614
2006-02-23,9.0,11.8214375283
2006-02-24,12.0,11.7465538741
2006-02-25,6.0,11.6708131699
2006-02-26,7.5,11.5942413871
2006-02-27,9.0,11.5168644967
2006-02-28,8.0,11.4387084701
2006-03-01,6.0,11.3597992784
2006-03-02,9.0,11.2801628928
2006-03-03,12.0,11.1998252846
2006-03-04,6.0,11.1188124249
2006-03-05,9.0,11.037150285
2006-03-06,12.0,10.954864836
2006-03-07,9.0,10.8719820493
2006-03-08,8.0,10.7885278959
2006-03-09,12.0,10.7045283471
2006-03-10,9.0,10.6200093741
2006-03-11,6.0,10.5349969482
2006-03-12,7.01785714286,10.4495170404
2006-03-13,9.0,10.3635956221
2006-03-14,12.0,10.2772586645
2006-03-15,13.3552631579,10.1905321387
2006-03-16,14.0,10.103442016
2006-03-17,9.0,10.0160142676
2006-03-18,12.0,9.92827486459
2006-03-19,10.0,9.84024977833
2006-03-20,8.0,9.75196497997
2006-03-21,12.0,9.66344644072
2006-03-22,9.0,9.5747201318
2006-03-23,12.0,9.48581202441
2006-03-24,14.0,9.39674808976
2006-03-25,9.0,9.30755429907
2006-03-26,9.59615384615,9.21825662353
2006-03-27,11.0,9.12888103437
2006-03-28,18.0,9.03945350279
2006-03-29,9.0,8.95
2006-03-30,12.0,8.86054649721
2006-03-31,14.0,8.77111896563
2006-04-01,9.0,8.68174337647
2006-04-02,8.29166666667,8.59244570093
2006-04-03,8.0,8.50325191024
2006-04-04,18.0,8.41418797559
2006-04-05,9.0,8.3252798682
2006-04-06,6.0,8.23655355928
2006-04-07,12.0,8.14803502003
2006-04-08,8.0,8.05975022167
2006-04-09,7.73660714286,7.97172513541
2006-04-10,7.5,7.88398573245
2006-04-11,6.5,7.796557984
2006-04-12,12.0,7.70946786128
2006-04-13,15.0,7.6227413355
2006-04-14,19.0,7.53640437785
2006-04-15,16.0,7.45048295956
2006-04-16,18.15625,7.36500305184
2006-04-17,22.0,7.27999062588
2006-04-18,26.0,7.19547165291
2006-04-19,32.0,7.11147210412
2006-04-20,38.0,7.02801795074
2006-04-21,23.0,6.94513516397
2006-04-22,19.0,6.86284971502
2006-04-23,31.3861607143,6.78118757509
2006-04-24,50.0,6.70017471541
2006-04-25,60.0,6.61983710717
2006-04-26,70.0,6.5402007216
2006-04-27,60.0,6.46129152989
2006-04-28,55.0,6.38313550326
2006-04-29,70.0,6.30575861291
2006-04-30,88.75,6.22918683006
2006-05-01,100.0,6.15344612592
2006-05-02,90.0,6.07856247169
2006-05-03,80.0,6.00456183859
2006-05-04,120.0,5.93147019782
2006-05-05,80.0,5.85931352059
2006-05-06,80.0,5.78811777812
2006-05-07,85.0,5.71790894162
2006-05-08,90.0,5.64871298228
2006-05-09,80.0,5.58055587133
2006-05-10,70.0,5.51346357997
2006-05-11,60.0,5.44746207941
2006-05-12,50.0,5.38257734086
2006-05-13,80.0,5.31883533554
2006-05-14,75.0,5.25626203464
2006-05-15,70.0,5.19488340938
2006-05-16,80.0,5.13472543097
2006-05-17,70.0,5.07581407062
2006-05-18,60.0,5.01817529954
2006-05-19,70.0,4.96183508894
2006-05-20,80.0,4.90681941003
2006-05-21,86.6071428571,4.85315423401
2006-05-22,90.0,4.80086553209
2006-05-23,80.0,4.7499792755
2006-05-24,60.0,4.70052143543
2006-05-25,70.0,4.6525179831
2006-05-26,80.0,4.60599488971
2006-05-27,120.0,4.56097812647
2006-05-28,108.068181818,4.5174936646
2006-05-29,90.0,4.4755674753
2006-05-30,80.0,4.43522552979
2006-05-31,50.0,4.39649379926
2006-06-01,60.0,4.35939825494
2006-06-02,60.0,4.32396486804
2006-06-03,80.0,4.29021960975
2006-06-04,66.9852941176,4.25818845129
2006-06-05,50.0,4.22789736388
2006-06-06,45.0,4.19937231871
2006-06-07,50.0,4.17263928701
2006-06-08,40.0,4.14772423997
2006-06-09,50.0,4.12465314881
2006-06-10,60.0,4.10345198474
2006-06-11,50.0,4.08414671897
2006-06-12,40.0,4.06676332271
2006-06-13,50.0,4.05132776716
2006-06-14,34.0,4.03786602354
2006-06-15,36.0,4.02640406305
2006-06-16,32.0,4.01696785691
2006-06-17,29.0,4.00958337633
2006-06-18,32.0,4.00427659251
2006-06-19,35.0,4.00107347666
2006-06-20,29.0,4.0
2006-06-21,26.0,4.88888888889
2006-06-22,24.0,7.11111111111
2006-06-23,19.0,10.0
2006-06-24,17.0,12.8888888889
2006-06-25,13.9375,15.1111111111
2006-06-26,12.0,16.0
2006-06-27,22.0,11.0173956262
2006-06-28,21.0,6.0
2006-06-29,23.0,5.93466719682
2006-06-30,24.0,5.87950059642
2006-07-01,26.0,5.83700039761
2006-07-02,17.0,5.8096667992
2006-07-03,8.0,5.8
2006-07-04,12.0,7.5
2006-07-05,11.0,8.45695695696
2006-07-06,9.0,9.32198198198
2006-07-07,8.4375,10.1085285285
2006-07-08,8.0,10.8300500501
2006-07-09,7.375,11.5
2006-07-10,7.0,12.0
2006-07-11,9.0,8.0
2006-07-12,12.0,3.6
2006-07-13,14.0,18.4
2006-07-14,12.0,18.7064797111
2006-07-15,8.0,18.9199065222
2006-07-16,8.5,19.0
2006-07-17,9.0,18.5912
2006-07-18,6.5,17.4816
2006-07-19,7.0,15.8464
2006-07-20,6.5,13.8608
2006-07-21,8.0,11.7
2006-07-22,6.0,9.5392
2006-07-23,5.74147727273,7.5536
2006-07-24,5.5,5.9184
2006-07-25,4.5,4.8088
2006-07-26,4.7,4.4
2006-07-27,5.0,4.45203541734
2006-07-28,6.0,4.60131735234
2006-07-29,5.2,4.83760932945
2006-07-30,5.6,5.15067487312
2006-07-31,6.0,5.53027750783
2006-08-01,5.0,5.96618075802
2006-08-02,7.0,6.44814814815
2006-08-03,6.0,6.96594320268
2006-08-04,8.0,7.50932944606
2006-08-05,7.5,8.06807040276
2006-08-06,7.0,8.63192959724
2006-08-07,6.5,9.19067055394
2006-08-08,6.0,9.73405679732
2006-08-09,5.5,10.2518518519
2006-08-10,6.0,10.733819242
2006-08-11,4.0,11.1697224922
2006-08-12,4.25,11.5493251269
2006-08-13,4.5,11.8623906706
2006-08-14,4.0,12.0986826477
2006-08-15,5.0,12.2479645827
2006-08-16,6.0,12.3
2006-08-17,5.5,12.1162947388
2006-08-18,3.5,11.6072333935
2006-08-19,4.5,10.8358976218
2006-08-20,4.973046875,9.86536908138
2006-08-21,5.2,8.75872942984
2006-08-22,3.6,7.57906032483
2006-08-23,4.2,6.38944342399
2006-08-24,3.6,5.25296038498
2006-08-25,5.5,4.23269286543
2006-08-26,6.5,3.39172252299
2006-08-27,5.5,2.7931310153
2006-08-28,4.5,2.5
2006-08-29,5.5,2.42015661253
2006-08-30,5.2,2.4
2006-08-31,4.6,27.0
2006-09-01,4.8,25.4722718447
2006-09-02,5.2,21.796815534
2006-09-03,4.94264705882,17.335223301
2006-09-04,4.5,13.4490873786
2006-09-05,4.1,11.5
2006-09-06,4.0,11.2280813403
2006-09-07,4.8,11.0
2006-09-08,3.5,9.09024390244
2006-09-09,4.5,7.4
2006-09-10,4.71026785714,7.44395240722
2006-09-11,4.8,7.56827673154
2006-09-12,4.2,7.76167362698
2006-09-13,4.5,8.01284374754
2006-09-14,3.6,8.31048774722
2006-09-15,3.2,8.64330628004
2006-09-16,3.8,9.0
2006-09-17,4.07105263158,11.8412162162
2006-09-18,4.2,14.5
2006-09-19,3.8,6.5
2006-09-20,4.2,6.5
2006-09-21,3.8,6.5
2006-09-22,4.2,6.5
2006-09-23,3.6,6.5
2006-09-24,4.2,6.5
2006-09-25,4.8,6.5
2006-09-26,4.2,6.5
2006-09-27,3.2,6.5
2006-09-28,3.8,6.5
2006-09-29,4.5,6.5
2006-09-30,6.0,6.5
2006-10-01,5.43173076923,6.5
2006-10-02,4.5,6.5
2006-10-03,3.8,6.5
2006-10-04,4.8,6.5
2006-10-05,4.2,6.5
2006-10-06,5.0,6.5
2006-10-07,4.5,6.5
2006-10-08,4.59807692308,6.5
2006-10-09,4.8,6.5
2006-10-10,5.2,6.5
2006-10-11,4.7,6.60480841473
2006-10-12,5.5,6.89218632607
2006-10-13,6.0,7.32156273479
2006-10-14,4.5,7.85236664162
2006-10-15,4.83928571429,8.44402704733
2006-10-16,5.5,9.05597295267
2006-10-17,6.5,9.64763335838
2006-10-18,4.5,10.1784372652
2006-10-19,4.2,10.6078136739
2006-10-20,4.09391450822,10.8951915853
2006-10-21,3.98629666162,11.0
2006-10-22,3.87888993947,5.0
2006-10-23,3.77343782101,5.2
2006-10-24,3.67168378553,5.0752
2006-10-25,3.57537131227,4.7776
2006-10-26,3.48624388051,4.4224
2006-10-27,3.40604496951,4.1248
2006-10-28,3.33651805852,4.0
2006-10-29,3.27940662681,4.8106737013
2006-10-30,3.23645415365,6.87012987013
2006-10-31,3.20940411829,9.6195211039
2006-11-01,3.2,12.5
2006-11-02,4.0,17.5
2006-11-03,3.8,21.7121710526
2006-11-04,3.6,24.0
2006-11-05,3.80740740741,21.3146551724
2006-11-06,4.19259259259,17.0
2006-11-07,4.4,14.0
2006-11-08,3.7,10.5
2006-11-09,3.2,25.0
2006-11-10,3.8,22.2025497307
2006-11-11,4.0090280928,16.960655017
2006-11-12,4.18454277611,14.0
2006-11-13,4.3389706792,13.7647481205
2006-11-14,4.48473843137,13.5519460858
2006-11-15,4.63427266187,13.3666029362
2006-11-16,4.8,13.2137277124
2006-11-17,5.0,13.0983294547
2006-11-18,4.5,13.0254172038
2006-11-19,3.70661764706,13.0
2006-11-20,3.2,13.5
2006-11-21,4.8,15.4258040936
2006-11-22,5.0,18.6783625731
2006-11-23,4.9636,22.5098684211
2006-11-24,4.8648,26.1725146199
2006-11-25,4.7192,28.918494152
2006-11-26,4.5424,30.0
2006-11-27,4.35,16.0
2006-11-28,4.1576,5.0
2006-11-29,3.9808,2.0
2006-11-30,3.8352,3.352
2006-12-01,3.7364,6.576
2006-12-02,3.7,10.424
2006-12-03,4.25,13.648
2006-12-04,4.8,15.0
2006-12-05,4.2,9.75
2006-12-06,11.6,4.5
2006-12-07,2.8,5.16666666667
2006-12-08,8.0,6.83333333333
2006-12-09,5.0,9.0
2006-12-10,7.0,11.1666666667
2006-12-11,9.0,12.8333333333
2006-12-12,8.88820435763,13.5
2006-12-13,8.58166791886,13.4911252841
2006-12-14,8.12366641623,13.4649743452
2006-12-15,7.55747558227,13.422256997
2006-12-16,6.92637114951,13.3636830529
2006-12-17,6.27362885049,13.2899623263
2006-12-18,5.64252441773,13.2018046307
2006-12-19,5.07633358377,13.0999197797
2006-12-20,4.61833208114,12.9850175867
2006-12-21,4.31179564237,12.8578078651
2006-12-22,4.2,12.7190004285
2006-12-23,13.0,12.5693050904
2006-12-24,5.5,12.4094316642
2006-12-25,9.25,12.2400899635
2006-12-26,13.0,12.0619898016
2006-12-27,6.5,11.8758409921
2006-12-28,7.0,11.6823533484
2006-12-29,8.0,11.4822366841
2006-12-30,7.48148148148,11.2762008126
2006-12-31,6.51851851852,11.0649555474
2007-01-01,6.0,10.849210702
2007-01-02,11.0,10.6296760899
2007-01-03,5.0,10.4070615245
2007-01-04,4.5,10.1820768193
2007-01-05,4.2,9.95543178785
2007-01-06,9.0,9.72783624359
2007-01-07,6.75,9.5
2007-01-08,4.5,7.0
2007-01-09,6.0,9.0
2007-01-10,8.0,9.5
2007-01-11,11.0,19.0
2007-01-12,9.0,19.4316735113
2007-01-13,4.0,19.6
2007-01-14,4.59659090909,15.1666666667
2007-01-15,5.5,6.93333333333
2007-01-16,6.0,2.5
2007-01-17,7.0,10.0
2007-01-18,12.0,11.5
2007-01-19,8.0,10.4
2007-01-20,7.0,9.3
2007-01-21,7.5,23.5
2007-01-22,8.0,16.1
2007-01-23,7.0,10.5
2007-01-24,6.0,2.5
2007-01-25,4.0,3.40028571429
2007-01-26,6.0,5.66085714286
2007-01-27,8.0,8.62128571429
2007-01-28,7.69396551724,11.6211428571
2007-01-29,7.0,14.0
2007-01-30,4.5,15.9880952381
2007-01-31,8.0,17.744047619
2007-02-01,6.0,18.5
2007-02-02,6.0,12.25
2007-02-03,6.0,6.0
2007-02-04,6.5,12.3
2007-02-05,7.0,4.0
2007-02-06,6.0,4.00864815658
2007-02-07,7.0,4.03368229404
2007-02-08,8.0,4.07373691397
2007-02-09,4.2,4.12744651798
2007-02-10,6.0,4.19344560765
2007-02-11,6.68409090909,4.27036868457
2007-02-12,7.0,4.35685025034
2007-02-13,5.5,4.45152480655
2007-02-14,4.0,4.5530268548
2007-02-15,4.28716216216,4.65999089668
2007-02-16,5.0,4.77105143377
2007-02-17,12.0,4.88484296768
2007-02-18,13.4038461538,5.0
2007-02-19,14.0,5.11515703232
2007-02-20,12.0,5.22894856623
2007-02-21,9.0,5.34000910332
2007-02-22,8.0,5.4469731452
2007-02-23,7.0,5.54847519345
2007-02-24,7.14814814815,5.64314974966
2007-02-25,7.51851851852,5.72963131543
2007-02-26,8.0,5.80655439235
2007-02-27,8.48148148148,5.87255348202
2007-02-28,8.85185185185,5.92626308603
2007-03-01,9.0,5.96631770596
2007-03-02,9.0,5.99135184342
2007-03-03,11.0,6.0
2007-03-04,9.5,2.5
2007-03-05,8.0,9.5
2007-03-06,12.0,10.5
2007-03-07,9.0,6.0
2007-03-08,8.0,11.5
2007-03-09,11.0,11.8585526316
2007-03-10,9.0,12.0
2007-03-11,7.92857142857,8.5
2007-03-12,7.0,5.0
2007-03-13,6.0,6.0
2007-03-14,5.5,8.2
2007-03-15,8.0,7.88888888889
2007-03-16,7.0,7.31111111111
2007-03-17,6.5,7.0
2007-03-18,7.328125,12.5
2007-03-19,9.0,10.5
2007-03-20,12.0,5.2
2007-03-21,8.0,18.0
2007-03-22,11.0,4.5
2007-03-23,9.0,4.78571428571
2007-03-24,7.0,5.5
2007-03-25,7.75,8.71428571429
2007-03-26,9.0,11.5
2007-03-27,10.1224489796,11.0
2007-03-28,11.4081632653,13.0
2007-03-29,12.7346938776,10.5
2007-03-30,13.9795918367,9.4717884891
2007-03-31,15.0204081633,8.66579920042
2007-04-01,15.7346938776,7.5
2007-04-02,16.0,1.2
2007-04-03,7.0,8.2
2007-04-04,6.5,9.7
2007-04-05,10.0,23.5
2007-04-06,12.0,15.75
2007-04-07,14.0,8.0
2007-04-08,11.5,25.5
2007-04-09,9.0,6.5
2007-04-10,9.17507377602,27.0
2007-04-11,9.68505082717,13.5
2007-04-12,10.5070647381,5.5
2007-04-13,11.6182490935,6.63881401617
2007-04-14,12.995737478,9.5
2007-04-15,14.6166634763,45.0
2007-04-16,16.4581606729,12.0
2007-04-17,18.4973626527,12.2828947368
2007-04-18,20.7114030002,13.0
2007-04-19,23.0774153,24.0
2007-04-20,25.572533137,16.0
2007-04-21,28.1738900956,8.0
2007-04-22,30.8586197606,18.5
2007-04-23,33.6038557166,26.0
2007-04-24,36.3867315483,16.0
2007-04-25,39.1843808403,3.0
2007-04-26,41.9739371772,22.5
2007-04-27,44.7325341439,18.75
2007-04-28,47.4373053248,15.0
2007-04-29,50.0653843047,17.5
2007-04-30,52.5939046682,12.6
2007-05-01,55.0,13.0
2007-05-02,58.0,9.5
2007-05-03,54.0,21.5
2007-05-04,45.0,21.1602409639
2007-05-05,34.0,20.3
2007-05-06,35.0,7.5
2007-05-07,36.0,20.0
2007-05-08,21.5,30.0
2007-05-09,7.0,25.5
2007-05-10,27.0,21.0
2007-05-11,25.0,24.5355113636
2007-05-12,45.0,30.5
2007-05-13,52.9867788462,35.5
2007-05-14,60.0,24.0
2007-05-15,70.0,16.1
2007-05-16,60.0,11.7
2007-05-17,70.0,35.1
2007-05-18,75.0,30.25
2007-05-19,65.0,25.4
2007-05-20,70.0,33.5
2007-05-21,75.0,30.8
2007-05-22,70.0,24.5
2007-05-23,75.0,15.0
2007-05-24,90.0,43.0
2007-05-25,80.0,27.0
2007-05-26,90.0,11.0
2007-05-27,96.6071428571,21.6
2007-05-28,100.0,13.0
2007-05-29,80.0,7.5
2007-05-30,70.0,10.5
2007-05-31,60.0,10.3185185185
2007-06-01,12.0,9.98148148148
2007-06-02,11.0,9.8
2007-06-03,65.5,15.0
2007-06-04,120.0,9.0
2007-06-05,80.0,13.7
2007-06-06,70.0,18.5
2007-06-07,60.0,39.0
2007-06-08,65.0,29.25
2007-06-09,45.0,19.5
2007-06-10,44.0065993538,22.0
2007-06-11,43.3824986433,4.5
2007-06-12,42.5,20.5
2007-06-13,39.0,3.5
2007-06-14,38.5026223776,14.5
2007-06-15,38.0,17.1598899148
2007-06-16,34.0,19.0
2007-06-17,38.25,20.5
2007-06-18,42.5,5.0
2007-06-19,38.0,8.0
2007-06-20,37.0,6.5
2007-06-21,29.5,12.5
2007-06-22,22.0,10.25
2007-06-23,19.0,8.0
2007-06-24,17.4397321429,16.5
2007-06-25,16.0,8.5
2007-06-26,14.0,9.0
2007-06-27,15.0,5.3
2007-06-28,16.0,29.0
2007-06-29,14.0,17.5
2007-06-30,9.0,6.0
2007-07-01,11.1184210526,19.0
2007-07-02,16.0,9.5
2007-07-03,36.0,13.0
2007-07-04,32.0,10.5
2007-07-05,27.0,21.0
2007-07-06,24.0,13.5
2007-07-07,26.0,6.0
2007-07-08,29.6136363636,15.2
2007-07-09,32.0,9.2
2007-07-10,26.0,5.2
2007-07-11,29.0,6.0
2007-07-12,19.0,13.2
2007-07-13,17.0,11.1
2007-07-14,24.0,9.0
2007-07-15,26.7325581395,10.2
2007-07-16,28.0,10.5
2007-07-17,28.0,7.0
2007-07-18,32.0,6.5
2007-07-19,29.0,14.0
2007-07-20,13.0,10.75
2007-07-21,11.0,7.5
2007-07-22,9.92857142857,28.0
2007-07-23,9.0,4.5
2007-07-24,8.0,4.8
2007-07-25,7.0,5.53622466575
2007-07-26,8.0,6.59876379457
2007-07-27,12.0,7.85678520267
2007-07-28,9.0,9.17945670628
2007-07-29,9.0,10.4359461216
2007-07-30,9.0,11.4954212649
2007-07-31,8.0,12.2270499522
2007-08-01,7.0,12.5
2007-08-02,8.0,12.0
2007-08-03,9.0,7.75675675676
2007-08-04,7.0,4.0
2007-08-05,5.078125,12.5
2007-08-06,4.0,9.5
2007-08-07,5.5,6.5
2007-08-08,6.0,3.0
2007-08-09,7.0,10.2
2007-08-10,9.0,7.6
2007-08-11,6.0,5.0
2007-08-12,8.5,6.0
2007-08-13,11.0,2.5
2007-08-14,7.0,2.3
2007-08-15,7.5,4.0
2007-08-16,8.0,13.5
2007-08-17,7.2,7.5
2007-08-18,6.5,1.5
2007-08-19,6.1625,6.5
2007-08-20,6.0,3.0
2007-08-21,7.0,7.5
2007-08-22,6.0,4.2
2007-08-23,4.0,8.0
2007-08-24,4.5,6.5
2007-08-25,5.0,5.0
2007-08-26,4.5,10.5
2007-08-27,4.0,1.5
2007-08-28,6.0,3.0
2007-08-29,9.0,1.5
2007-08-30,8.0,2.0
2007-08-31,6.19318181818,3.86813186813
2007-09-01,5.0,6.0
2007-09-02,5.75,7.0
2007-09-03,7.0,3.5
2007-09-04,8.0,2.0
2007-09-05,6.0,8.0
2007-09-06,9.0,8.5
2007-09-07,7.0,8.0
2007-09-08,5.0,7.5
2007-09-09,5.5,10.5
2007-09-10,6.0,2.1
2007-09-11,5.0,1.2
2007-09-12,4.0,3.2
2007-09-13,6.0,17.5
2007-09-14,4.5,11.25
2007-09-15,4.0,5.0
2007-09-16,4.64473684211,9.0
2007-09-17,6.0,6.5
2007-09-18,9.0,2.0
2007-09-19,6.0,6.0
2007-09-20,5.0,5.0
2007-09-21,7.0,3.75
2007-09-22,4.0,3.0
2007-09-23,4.75,6.5
2007-09-24,6.0,7.5
2007-09-25,7.0,7.2765625
2007-09-26,4.5,6.6875
2007-09-27,3.5,5.8546875
2007-09-28,5.5,4.9
2007-09-29,3.2,3.9453125
2007-09-30,4.6,3.1125
2007-10-01,6.0,2.5234375
2007-10-02,6.0,2.3
2007-10-03,6.0,2.3
2007-10-04,4.5,16.0
2007-10-05,6.0,19.8162735849
2007-10-06,4.0,21.5
2007-10-07,4.75,12.5
2007-10-08,5.5,10.5
2007-10-09,4.5,3.5
2007-10-10,6.0,9.75
2007-10-11,4.0,16.0
2007-10-12,9.0,14.2828947368
2007-10-13,6.0,11.5
2007-10-14,8.5,9.5
2007-10-15,11.0,4.5
2007-10-16,9.0,1.8
2007-10-17,7.0,1.2
2007-10-18,5.5,8.0
2007-10-19,4.0,10.1958119384
2007-10-20,6.0,11.5
2007-10-21,7.32142857143,12.0
2007-10-22,8.0,2.5
2007-10-23,6.0,7.5
2007-10-24,4.5,16.0
2007-10-25,8.0,5.5
2007-10-26,9.0,5.11005077074
2007-10-27,7.0,4.87038486249
2007-10-28,6.3125,4.5
2007-10-29,6.0,1.5
2007-10-30,6.0,6.5
2007-10-31,6.0,13.59765625
2007-11-01,6.0,18.0
2007-11-02,8.0,16.9877043091
2007-11-03,9.0,14.6
2007-11-04,8.5,2.5
2007-11-05,8.0,27.5
2007-11-06,9.0,6.0
2007-11-07,6.0,3.6
2007-11-08,9.0,15.2
2007-11-09,12.0,14.6678271483
2007-11-10,9.0,13.3134320745
2007-11-11,9.0,11.5
2007-11-12,9.0,2.7
2007-11-13,9.0,13.5
2007-11-14,7.0,22.0
2007-11-15,9.0,7.5
2007-11-16,9.6875,9.85178571429
2007-11-17,10.0,15.0
2007-11-18,9.25,29.5
2007-11-19,8.0,8.5
2007-11-20,7.0,14.0
2007-11-21,7.0,23.3
2007-11-22,6.0,48.0
2007-11-23,8.0,42.5304123711
2007-11-24,4.0,31.8
2007-11-25,5.33606557377,15.0
2007-11-26,8.0,14.5
2007-11-27,12.5,19.5
2007-11-28,16.0,9.5
2007-11-29,9.0,26.0
2007-11-30,12.0,23.15625
2007-12-01,14.0,19.0
2007-12-02,23.0365853659,17.0
2007-12-03,35.9349593496,15.3
2007-12-04,42.5,12.0
2007-12-05,23.0,8.3
2007-12-06,25.0,7.06025154151
2007-12-07,32.0,6.09123688187
2007-12-08,42.5,5.7
2007-12-09,49.1293103448,16.0
2007-12-10,52.5,24.0
2007-12-11,41.0,16.0
2007-12-12,36.0,8.0
2007-12-13,18.0,30.5
2007-12-14,36.0,24.25
2007-12-15,35.9370177469,18.0
2007-12-16,35.7530864198,29.5
2007-12-17,35.4557291667,29.0
2007-12-18,35.0524691358,19.0
2007-12-19,34.5508294753,8.5
2007-12-20,33.9583333333,21.0
2007-12-21,33.282503858,21.1677439333
2007-12-22,32.5308641975,21.312081747
2007-12-23,31.7109375,21.4364422432
2007-12-24,30.8302469136,21.544254224
2007-12-25,29.8963155864,21.6389464913
2007-12-26,28.9166666667,21.7239478473
2007-12-27,27.8988233025,21.802687094
2007-12-28,26.850308642,21.8785930334
2007-12-29,25.7786458333,21.9550944676
2007-12-30,24.6913580247,22.0356201986
2007-12-31,23.5959683642,22.1235990286
2008-01-01,22.5,22.2224597595
2008-01-02,16.9765625,22.3356311934
2008-01-03,12.0,22.4665421323
2008-01-04,32.5,22.6186213784
2008-01-05,40.0,22.7952977336
2008-01-06,39.5,23.0
2008-01-07,39.0,23.8018164713
2008-01-08,42.5,25.6495874946
2008-01-09,37.0,28.3663699522
2008-01-10,45.0,31.7752207266
2008-01-11,37.0,35.6991967
2008-01-12,29.0,39.9613547547
2008-01-13,32.5681818182,44.384751773
2008-01-14,39.0,48.7924446374
2008-01-15,46.0,53.0074902301
2008-01-16,39.0,56.8529454335
2008-01-17,41.5,60.1518671298
2008-01-18,37.0,62.7273122015
2008-01-19,41.5,64.4023375308
2008-01-20,38.75,65.0
2008-01-21,36.0,32.7
2008-01-22,46.0,32.2609815745
2008-01-23,38.0,31.8226649312
2008-01-24,45.0,31.3854920003
2008-01-25,36.0,30.949904712
2008-01-26,38.3333333333,30.5163449968
2008-01-27,42.6666666667,30.0852547849
2008-01-28,45.0,29.6570760066
2008-01-29,36.0,29.2322505922
2008-01-30,39.0,28.8112204719
2008-01-31,45.0,28.3944275762
2008-02-01,32.0,27.9823138352
2008-02-02,45.0,27.5753211793
2008-02-03,40.5,27.1738915388
2008-02-04,36.0,26.778466844
2008-02-05,45.0,26.3894890251
2008-02-06,38.0,26.0074000124
2008-02-07,45.0,25.6326417364
2008-02-08,37.0,25.2656561271
2008-02-09,28.0,24.9068851151
2008-02-10,30.6721311475,24.5567706304
2008-02-11,36.0,24.2157546035
2008-02-12,45.0,23.8842789646
2008-02-13,36.0,23.5627856441
2008-02-14,37.5,23.2517165722
2008-02-15,43.0,22.9515136792
2008-02-16,26.0,22.6626188954
2008-02-17,28.5,22.3854741511
2008-02-18,31.0,22.1205213767
2008-02-19,26.0,21.8682025023
2008-02-20,36.0,21.6289594583
2008-02-21,37.5,21.403234175
2008-02-22,27.0,21.1914685827
2008-02-23,36.0,20.9941046117
2008-02-24,41.9464285714,20.8115841923
2008-02-25,45.0,20.6443492548
2008-02-26,36.0,20.4928417294
2008-02-27,45.0,20.3575035465
2008-02-28,38.0,20.2387766363
2008-02-29,45.0,20.1371029292
2008-03-01,36.0,20.0529243555
2008-03-02,30.0535714286,19.9866828454
2008-03-03,27.0,19.9388203293
2008-03-04,35.0,19.9097787374
2008-03-05,27.0,19.9
2008-03-06,18.0,33.4
2008-03-07,36.0,37.8213747005
2008-03-08,27.0,42.5
2008-03-09,27.0,63.2
2008-03-10,27.0,47.0
2008-03-11,36.0,33.0
2008-03-12,27.0,35.8912
2008-03-13,36.0,42.7856
2008-03-14,46.0,51.0144
2008-03-15,27.0,57.9088
2008-03-16,30.0535714286,60.8
2008-03-17,36.0,39.7
2008-03-18,45.0,40.9
2008-03-19,36.0,44.765500346
2008-03-20,37.0,50.7946878893
2008-03-21,27.0,57.2511252595
2008-03-22,31.1481481481,62.3983750865
2008-03-23,38.8518518519,64.5
2008-03-24,43.0,63.947188436
2008-03-25,35.0,62.4472582913
2008-03-26,37.0,60.2379663872
2008-03-27,36.0,57.5570695448
2008-03-28,54.0,54.6423245853
2008-03-29,36.0,51.7314883299
2008-03-30,40.5,49.0623175998
2008-03-31,45.0,46.8725692161
2008-04-01,27.0,45.4
2008-04-02,45.0,44.496802134
2008-04-03,36.0,43.8071983545
2008-04-04,33.0,43.2569913134
2008-04-05,27.0,42.7719836626
2008-04-06,31.5,42.2779780539
2008-04-07,36.0,41.7007771393
2008-04-08,18.0,40.9661835707
2008-04-09,27.0,40.0
2008-04-10,18.0,37.0245049465
2008-04-11,27.0,31.5295680648
2008-04-12,18.0,25.3423787099
2008-04-13,21.0535714286,20.2901262366
2008-04-14,27.0,18.2
2008-04-15,36.0,18.8425655977
2008-04-16,27.0,20.4997084548
2008-04-17,36.0,22.7655976676
2008-04-18,27.0,25.2344023324
2008-04-19,45.0,27.5002915452
2008-04-20,45.0,29.1574344023
2008-04-21,45.0,29.8
2008-04-22,45.0,17.0
2008-04-23,45.0,20.0784
2008-04-24,45.0,27.4192
2008-04-25,36.0,36.1808
2008-04-26,27.0,43.5216
2008-04-27,31.5,46.6
2008-04-28,36.0,35.5171826625
2008-04-29,27.0,24.1
2008-04-30,36.0,23.4578259374
2008-05-01,45.0,22.8833505332
2008-05-02,63.433411215,22.3984520124
2008-05-03,76.0,22.0250085999
2008-05-04,73.0256849315,21.7848985208
2008-05-05,67.0,21.7
2008-05-06,56.0,51.4
2008-05-07,65.0,38.4
2008-05-08,68.0,31.2604635697
2008-05-09,75.0,24.1640215159
2008-05-10,68.0,17.9973476773
2008-05-11,71.0,13.6471158924
2008-05-12,76.0,12.0
2008-05-13,80.0,22.9622368052
2008-05-14,75.0,37.9
2008-05-15,83.0,46.1693421884
2008-05-16,95.0,54.0255263897
2008-05-17,108.0,59.8939473961
2008-05-18,104.423076923,62.2
2008-05-19,96.0,42.7
2008-05-20,54.0,49.4
2008-05-21,102.5,48.9795555556
2008-05-22,76.0,47.7964444444
2008-05-23,57.5,45.968
2008-05-24,45.0,43.6115555556
2008-05-25,64.5,40.8444444444
2008-05-26,84.0,37.784
2008-05-27,74.0,34.5475555556
2008-05-28,88.0,31.2524444444
2008-05-29,83.84,28.016
2008-05-30,73.92,24.9555555556
2008-05-31,62.08,22.1884444444
2008-06-01,52.16,19.832
2008-06-02,48.0,18.0035555556
2008-06-03,57.0,16.8204444444
2008-06-04,63.0,16.4
2008-06-05,50.0,61.5
2008-06-06,39.0,55.0931927975
2008-06-07,46.0,41.1530522617
2008-06-08,45.4272151899,27.6
2008-06-09,44.0,17.6
2008-06-10,29.0,23.8
2008-06-11,36.0,34.673880597
2008-06-12,45.0,41.8
2008-06-13,35.0,29.35
2008-06-14,27.0,16.9
2008-06-15,27.5833333333,40.5
2008-06-16,29.0,24.2
2008-06-17,39.0,21.3
2008-06-18,28.0,30.4
2008-06-19,32.0,39.5
2008-06-20,27.0,23.3
2008-06-21,34.0,7.1
2008-06-22,35.4038461538,48.5
2008-06-23,36.0,34.7238927428
2008-06-24,27.0,16.4
2008-06-25,18.0,10.5
2008-06-26,26.0,9.94732383079
2008-06-27,25.376,9.55143969317
2008-06-28,23.888,9.4
2008-06-29,22.112,23.3
2008-06-30,20.624,12.5
2008-07-01,20.0,8.3
2008-07-02,30.0,8.46084558824
2008-07-03,26.0,8.89558823529
2008-07-04,27.0,9.53253676471
2008-07-05,36.0,10.3
2008-07-06,31.75,21.3
2008-07-07,26.0,15.6
2008-07-08,24.0,9.9
2008-07-09,29.0,33.7
2008-07-10,27.0,24.9
2008-07-11,7.5,24.1477190238
2008-07-12,16.0,23.4
2008-07-13,18.7357142857,15.5
2008-07-14,21.0,5.0
2008-07-15,24.0,6.4
2008-07-16,27.0,17.0
2008-07-17,18.0,25.4
2008-07-18,16.0,17.95
2008-07-19,27.0,10.5
2008-07-20,22.5,20.9
2008-07-21,18.0,13.3
2008-07-22,22.5,5.7
2008-07-23,27.0,15.45
2008-07-24,18.0,25.2
2008-07-25,27.0,17.45
2008-07-26,18.0,9.7
2008-07-27,17.4775161924,34.2
2008-07-28,17.1163992648,6.7
2008-07-29,16.8165242411,14.9
2008-07-30,16.4777661449,4.1
2008-07-31,16.0,30.3
2008-08-01,14.0,24.6343283582
2008-08-02,12.0,17.5
2008-08-03,10.078125,14.566511194
2008-08-04,9.0,11.9313432836
2008-08-05,12.0,10.0305037313
2008-08-06,16.0,9.3
2008-08-07,14.0,11.3801481481
2008-08-08,16.0,16.4158518519
2008-08-09,14.0,22.6
2008-08-10,16.0,36.1
2008-08-11,18.0,5.7
2008-08-12,11.0,10.2
2008-08-13,9.0,32.0734329089
2008-08-14,75.0,50.0
2008-08-15,9.0,32.6528775079
2008-08-16,7.5,14.2
2008-08-17,9.21710526316,12.4360256072
2008-08-18,12.0,11.2742449842
2008-08-19,14.0,10.2753418691
2008-08-20,16.0,9.0
2008-08-21,14.0,6.85568627451
2008-08-22,12.0,4.41803921569
2008-08-23,9.0,3.0
2008-08-24,10.9375,2.5834422658
2008-08-25,14.0,2.30283224401
2008-08-26,16.0,2.2
2008-08-27,9.0,3.19259259259
2008-08-28,12.0,5.67407407407
2008-08-29,9.0,8.9
2008-08-30,8.2706855792,12.1259259259
2008-08-31,7.71867612293,14.6074074074
2008-09-01,7.5,15.6
2008-09-02,14.0,15.2
2008-09-03,16.0,12.1
2008-09-04,18.0,12.1641620037
2008-09-05,12.0,12.3394351186
2008-09-06,9.0,12.6
2008-09-07,18.0,13.3750899281
2008-09-08,27.0,14.6973021583
2008-09-09,9.0,15.9458633094
2008-09-10,18.0,16.5
2008-09-11,14.0,16.4551190719
2008-09-12,18.0,16.3278037859
2008-09-13,9.0,16.1290453898
2008-09-14,14.0,15.8698351313
2008-09-15,13.5,15.5611642581
2008-09-16,13.0,15.2140240179
2008-09-17,27.0,14.8394056585
2008-09-18,18.0,14.4483004274
2008-09-19,9.0,14.0516995726
2008-09-20,13.6666666667,13.6605943415
2008-09-21,22.3333333333,13.2859759821
2008-09-22,27.0,12.9388357419
2008-09-23,18.0,12.6301648687
2008-09-24,9.0,12.3709546102
2008-09-25,18.0,12.1721962141
2008-09-26,27.0,12.0448809281
2008-09-27,29.0,12.0
2008-09-28,28.4333333333,13.45
2008-09-29,27.0,14.9
2008-09-30,20.0666666667,11.5590909091
2008-10-01,14.0,6.5
2008-10-02,28.0,3.7
2008-10-03,27.0,7.39386160714
2008-10-04,18.0,15.2
2008-10-05,22.5,33.0
2008-10-06,27.0,8.3
2008-10-07,18.0,11.0
2008-10-08,27.0,18.7625
2008-10-09,18.0,24.5
2008-10-10,36.0,15.4
2008-10-11,18.0,6.3
2008-10-12,22.5,16.9
2008-10-13,27.0,27.5
2008-10-14,18.0,16.3
2008-10-15,26.0,17.346875
2008-10-16,29.0,19.65
2008-10-17,18.0,21.953125
2008-10-18,27.0,23.0
2008-10-19,22.5,22.9828530589
2008-10-20,18.0,22.9323989109
2008-10-21,18.0,22.8501175689
2008-10-22,29.0,22.7374890461
2008-10-23,26.0,22.5959933552
2008-10-24,19.0,22.4271105094
2008-10-25,27.0,22.2323205216
2008-10-26,22.5,22.0131034048
2008-10-27,18.0,21.770939172
2008-10-28,27.0,21.5073078361
2008-10-29,36.0,21.2236894102
2008-10-30,27.0,20.9215639072
2008-10-31,27.0,20.6024113401
2008-11-01,27.0,20.2677117219
2008-11-02,31.5,19.9189450655
2008-11-03,36.0,19.557591384
2008-11-04,18.0,19.1851306904
2008-11-05,27.0,18.8030429975
2008-11-06,9.0,18.4128083185
2008-11-07,11.0,18.0159066662
2008-11-08,18.0,17.6138180537
2008-11-09,23.8372641509,17.208022494
2008-11-10,27.0,16.8
2008-11-11,18.0,3.2
2008-11-12,27.0,6.3
2008-11-13,18.0,20.7
2008-11-14,36.0,20.7724376731
2008-11-15,36.0,20.8
2008-11-16,27.0,13.0
2008-11-17,18.0,18.2
2008-11-18,27.0,3.6
2008-11-19,18.0,8.9
2008-11-20,27.0,15.9
2008-11-21,18.0,12.1
2008-11-22,27.0,8.3
2008-11-23,22.5,14.1
2008-11-24,18.0,19.0
2008-11-25,27.0,13.0
2008-11-26,18.0,6.1
2008-11-27,9.0,14.5
2008-11-28,9.80357142857,15.8890597156
2008-11-29,11.8928571429,16.8814429215
2008-11-30,14.7857142857,17.6
2008-12-01,18.0,18.0
2008-12-02,27.0,6.6
2008-12-03,18.0,9.9
2008-12-04,27.0,16.7
2008-12-05,18.0,12.4
2008-12-06,9.0,8.1
2008-12-07,18.0,16.7
2008-12-08,27.0,14.6
2008-12-09,16.0,8.40514018692
2008-12-10,18.0,3.8
2008-12-11,14.0,21.9
2008-12-12,27.0,19.2754784689
2008-12-13,36.0,14.5
2008-12-14,22.5,9.1
2008-12-15,9.0,19.3
2008-12-16,13.0,5.6
2008-12-17,16.0,11.1
2008-12-18,18.0,31.5
2008-12-19,9.0,20.15
2008-12-20,18.0,8.8
2008-12-21,18.0,22.0
2008-12-22,18.0,27.4
2008-12-23,9.0,6.7
2008-12-24,27.0,10.9
2008-12-25,18.0,18.5
2008-12-26,18.0,13.9
2008-12-27,27.0,9.3
2008-12-28,32.9464285714,20.0
2008-12-29,36.0,22.7805191103
2008-12-30,27.0,24.8156678503
2008-12-31,39.0,26.9
2009-01-01,27.0,29.6880160733
2009-01-02,18.0,32.9035180825
2009-01-03,27.0,35.945012055
2009-01-04,27.0,38.2110040183
2009-01-05,27.0,39.1
2009-01-06,18.0,39.0
2009-01-07,27.0,15.4
2009-01-08,36.0,26.4
2009-01-09,18.0,22.0
2009-01-10,27.0,17.6
2009-01-11,22.5,24.1
2009-01-12,18.0,25.9
2009-01-13,27.0,15.4
2009-01-14,18.0,5.2
2009-01-15,27.0,4.4
2009-01-16,18.0,4.62277992278
2009-01-17,27.0,5.2
2009-01-18,22.5,25.6
2009-01-19,18.0,17.9
2009-01-20,28.0,27.7
2009-01-21,14.0,23.0
2009-01-22,17.0,31.0
2009-01-23,17.1389075961,26.05
2009-01-24,17.2744517932,21.1
2009-01-25,17.4045538241,39.3
2009-01-26,17.5271349213,32.3
2009-01-27,17.6401163175,20.9
2009-01-28,17.7414192453,33.25
2009-01-29,17.8289649373,45.6
2009-01-30,17.9006746262,39.3722627737
2009-01-31,17.9544695445,29.8
2009-02-01,17.9882709249,22.3277372263
2009-02-02,18.0,18.2
2009-02-03,16.0,20.6
2009-02-04,9.0,12.2
2009-02-05,18.0,32.3
2009-02-06,18.0,29.5518518519
2009-02-07,27.0,24.4481481481
2009-02-08,22.5,21.7
2009-02-09,18.0,27.4
2009-02-10,27.0,19.0
2009-02-11,36.0,4.5
2009-02-12,18.0,22.2
2009-02-13,27.0,21.6767527675
2009-02-14,36.0,20.6
2009-02-15,36.0,18.8116987837
2009-02-16,36.0,16.6502938363
2009-02-17,27.0,15.6
2009-02-18,27.0,23.2
2009-02-19,36.0,29.5
2009-02-20,27.0,25.55
2009-02-21,18.0,21.6
2009-02-22,18.3086419753,24.5
2009-02-23,19.1358024691,3.5
2009-02-24,20.3333333333,10.5
2009-02-25,21.7530864198,18.4
2009-02-26,23.2469135802,25.9
2009-02-27,24.6666666667,29.6168572389
2009-02-28,25.8641975309,32.8
2009-03-01,26.6913580247,36.3
2009-03-02,27.0,22.2
2009-03-03,18.0,16.5
2009-03-04,9.0,30.2
2009-03-05,18.0,23.0
2009-03-06,27.0,30.8208762887
2009-03-07,18.0,44.0
2009-03-08,22.5,55.0
2009-03-09,27.0,35.0
2009-03-10,24.6666666667,25.0
2009-03-11,20.3333333333,25.5
2009-03-12,18.0,26.0
2009-03-13,36.0,19.6
2009-03-14,18.0,13.2
2009-03-15,22.5,24.0
2009-03-16,27.0,38.0
2009-03-17,18.0,24.8
2009-03-18,27.0,39.2
2009-03-19,36.0,44.2
2009-03-20,27.0,41.9185185185
2009-03-21,36.0,37.6814814815
2009-03-22,35.5807663411,35.4
2009-03-23,34.4312546957,53.3
2009-03-24,32.7137490609,34.6
2009-03-25,30.5905334335,29.4
2009-03-26,28.2238918107,35.0
2009-03-27,25.7761081893,33.05
2009-03-28,23.4094665665,31.1
2009-03-29,21.2862509391,37.5
2009-03-30,19.5687453043,20.5
2009-03-31,18.4192336589,34.8
2009-04-01,18.0,33.0
2009-04-02,36.0,59.2
2009-04-03,18.0,48.35
2009-04-04,27.0,37.5
2009-04-05,22.5,62.0
2009-04-06,18.0,36.1
2009-04-07,36.0,44.7
2009-04-08,27.0,77.2
2009-04-09,36.0,46.8
2009-04-10,27.0,33.0453271028
2009-04-11,18.0,26.5
2009-04-12,24.75,62.8
2009-04-13,36.0,32.7
2009-04-14,45.0,37.5
2009-04-15,36.0,33.5
2009-04-16,31.5,64.9
2009-04-17,27.0,59.5210043988
2009-04-18,18.0,52.6
2009-04-19,26.6526128266,50.7
2009-04-20,36.0,29.0
2009-04-21,37.270795157,51.3
2009-04-22,38.3341134635,22.3
2009-04-23,39.235000253,22.8800484776
2009-04-24,40.0185008592,24.4156525108
2009-04-25,40.7296606158,26.6
2009-04-26,41.4135248565,75.2
2009-04-27,42.1151389149,42.1
2009-04-28,42.8795481249,36.2527388797
2009-04-29,43.7517978199,33.8
2009-04-30,44.7769333337,50.5
2009-05-01,46.0,32.4
2009-05-02,54.0,14.3
2009-05-03,55.4090909091,35.2
2009-05-04,56.0,32.7
2009-05-05,38.0,35.0
2009-05-06,48.0,30.4
2009-05-07,46.0,25.6
2009-05-08,52.0,26.8486842105
2009-05-09,55.0,28.2
2009-05-10,56.8764302059,28.3
2009-05-11,59.0,24.0
2009-05-12,65.0,37.7
2009-05-13,57.5,45.8
2009-05-14,62.0,44.4777777778
2009-05-15,75.0,42.0222222222
2009-05-16,74.0,40.7
2009-05-17,64.506097561,49.6
2009-05-18,56.0,36.5
2009-05-19,62.0,5.7
2009-05-20,31.5,48.0
2009-05-21,52.0,57.1
2009-05-22,36.0,47.8
2009-05-23,45.0,38.5
2009-05-24,50.8076923077,62.1
2009-05-25,55.0,43.0
2009-05-26,57.0,21.4
2009-05-27,52.0,9.0
2009-05-28,50.8236039604,40.5
2009-05-29,49.7365544554,27.25
2009-05-30,48.8377029703,14.0
2009-05-31,48.2259009901,39.6
2009-06-01,48.0,16.1
2009-06-02,52.0,25.0
2009-06-03,62.0,15.9
2009-06-04,55.0,65.5
2009-06-05,54.5093843844,55.75
2009-06-06,54.0,46.0
2009-06-07,51.1414141414,80.2
2009-06-08,46.0,16.2
2009-06-09,36.0,11.0
2009-06-10,27.0,12.8
2009-06-11,36.0,53.7
2009-06-12,45.0,41.8
2009-06-13,36.0,29.9
2009-06-14,44.0,37.4
2009-06-15,52.0,17.7
2009-06-16,46.0,12.5
2009-06-17,45.7159946071,10.7
2009-06-18,45.468451634,53.1
2009-06-19,45.2517260848,35.55
2009-06-20,45.0601729634,18.0
2009-06-21,44.8881472739,38.5
2009-06-22,44.73000402,15.6
2009-06-23,44.5800982059,12.7
2009-06-24,44.4327848355,29.7
2009-06-25,44.2824189128,90.1
2009-06-26,44.1233554418,66.1700288184
2009-06-27,43.9499494263,36.7
2009-06-28,43.7565558704,30.3
2009-06-29,43.5375297781,12.5
2009-06-30,43.2872261533,13.8
2009-07-01,43.0,14.5
2009-07-02,27.0,26.8
2009-07-03,27.0,16.25
2009-07-04,36.0,5.7
2009-07-05,32.9464285714,21.1
2009-07-06,27.0,23.1
2009-07-07,18.0,10.5
2009-07-08,36.0,6.6
2009-07-09,27.0,30.4
2009-07-10,18.0,24.1
2009-07-11,20.3333333333,17.8
2009-07-12,24.6666666667,44.8
2009-07-13,27.0,18.8
2009-07-14,25.0,7.3
2009-07-15,27.0,3.7
2009-07-16,18.0,31.8
2009-07-17,18.2096168295,27.45
2009-07-18,18.7843726521,23.1
2009-07-19,19.6431254696,33.8
2009-07-20,20.7047332832,5.6
2009-07-21,21.8880540947,7.7
2009-07-22,23.1119459053,14.2
2009-07-23,24.2952667168,25.5
2009-07-24,25.3568745304,22.7
2009-07-25,26.2156273479,19.9
2009-07-26,26.7903831705,28.6
2009-07-27,27.0,4.1
2009-07-28,18.0,16.0
2009-07-29,18.84765625,17.0
2009-07-30,20.84375,25.2
2009-07-31,23.16796875,16.4
2009-08-01,25.0,7.6
2009-08-02,25.9148596939,18.5
2009-08-03,27.0,16.6
2009-08-04,36.0,7.5
2009-08-05,27.0,9.6
2009-08-06,27.0,24.9
2009-08-07,18.0,17.4
2009-08-08,9.0,9.9
2009-08-09,18.0,29.1
2009-08-10,27.0,14.9
2009-08-11,18.0,8.0
2009-08-12,27.0,7.3
2009-08-13,36.0,24.0
2009-08-14,18.0,20.95
2009-08-15,19.7243472981,17.9
2009-08-16,23.226472374,22.5
2009-08-17,26.0,7.2
2009-08-18,27.0,33.5
2009-08-19,9.0,11.3
2009-08-20,18.0,11.5
2009-08-21,27.0,9.75
2009-08-22,870.0,8.0
2009-08-23,448.5,25.5
2009-08-24,27.0,14.6
2009-08-25,27.0,14.6
2009-08-26,36.0,11.2
2009-08-27,27.0,38.5
2009-08-28,36.0,29.45
2009-08-29,27.0,20.4
2009-08-30,31.5,25.2
2009-08-31,36.0,8.8
2009-09-01,27.0,7.4
2009-09-02,18.0,15.8
2009-09-03,18.0,29.8
2009-09-04,27.0,23.55
2009-09-05,36.0,17.3
2009-09-06,32.9464285714,30.9
2009-09-07,27.0,17.1
2009-09-08,18.0,15.3
2009-09-09,36.0,20.3
2009-09-10,27.0,53.3
2009-09-11,36.0,36.9
2009-09-12,18.0,20.5
2009-09-13,21.0535714286,26.6
2009-09-14,27.0,19.9
2009-09-15,36.0,7.2
2009-09-16,27.0,4.8
2009-09-17,18.0,26.5
2009-09-18,27.0,20.15
2009-09-19,18.0,13.8
2009-09-20,27.0,26.3
2009-09-21,36.0,1.0
2009-09-22,27.0,12.5
2009-09-23,18.0,6.9
2009-09-24,35.0,16.0
2009-09-25,18.0,12.8
2009-09-26,27.0,9.6
2009-09-27,31.1794871795,17.8
2009-09-28,34.5897435897,1.8
2009-09-29,36.0,1.8
2009-09-30,27.0,14.0
2009-10-01,18.0,29.0
2009-10-02,36.0,20.1
2009-10-03,36.0,11.2
2009-10-04,32.9464285714,17.5
2009-10-05,27.0,12.0
2009-10-06,18.0,12.5
2009-10-07,9.0,15.5
2009-10-08,18.0,30.8
2009-10-09,9.0,20.3
2009-10-10,36.0,9.8
2009-10-11,32.9464285714,45.1
2009-10-12,27.0,23.7
2009-10-13,18.0,10.1
2009-10-14,22.4074074074,26.9
2009-10-15,30.5925925926,35.8
2009-10-16,35.0,20.65
2009-10-17,30.5925925926,5.5
2009-10-18,22.4074074074,7.2
2009-10-19,18.0,2.1
2009-10-20,28.0,31.7
2009-10-21,27.0,9.3
2009-10-22,18.0,21.2
2009-10-23,27.0,18.45
2009-10-24,18.0,15.7
2009-10-25,24.75,19.7
2009-10-26,36.0,19.3
2009-10-27,45.0,18.2
2009-10-28,36.0,22.8
2009-10-29,27.0,26.2
2009-10-30,36.0,19.8
2009-10-31,27.0,13.4
2009-11-01,36.0,30.4
2009-11-02,45.0,43.0
2009-11-03,9.0,27.7
2009-11-04,36.0,17.4
2009-11-05,27.0,27.9
2009-11-06,36.0,16.55
2009-11-07,27.0,5.2
2009-11-08,31.5,23.7
2009-11-09,36.0,26.0
2009-11-10,27.0,15.1
2009-11-11,36.0,6.5
2009-11-12,27.0,16.7
2009-11-13,36.0,11.45
2009-11-14,27.0,6.2
2009-11-15,28.4102564103,18.3
2009-11-16,31.8205128205,25.5
2009-11-17,36.0,6.5
2009-11-18,45.0,9.8
2009-11-19,27.0,24.9
2009-11-20,36.0,25.1029907827
2009-11-21,36.0,25.3
2009-11-22,31.5,28.8
2009-11-23,27.0,43.2
2009-11-24,30.0535714286,21.4
2009-11-25,36.0,38.0
2009-11-26,45.0,26.9
2009-11-27,36.0,20.432793725
2009-11-28,36.0,17.2
2009-11-29,36.0,18.9
2009-11-30,36.0,40.2
2009-12-01,27.0,31.6
2009-12-02,36.0,10.4
2009-12-03,45.0,29.5
2009-12-04,36.0,20.8
2009-12-05,27.0,12.1
2009-12-06,31.5,22.9
2009-12-07,36.0,70.5
2009-12-08,27.0,34.2
2009-12-09,36.0,33.4008470704
2009-12-10,36.0,32.6
2009-12-11,45.0,25.9953900709
2009-12-12,27.0,20.1
2009-12-13,31.5,31.0
2009-12-14,36.0,17.1
2009-12-15,27.0,18.4
2009-12-16,36.0,22.2
2009-12-17,45.0,16.5
2009-12-18,36.0,15.7897540984
2009-12-19,45.0,15.5
2009-12-20,40.5,33.9
2009-12-21,36.0,39.9
2009-12-22,45.0,18.9
2009-12-23,36.0,11.6
2009-12-24,45.0,25.2
2009-12-25,207.225,19.0
2009-12-26,360.0,12.8
2009-12-27,195.608258929,27.1
2009-12-28,29.0,16.6
2009-12-29,27.0,24.8
2009-12-30,36.0,41.2
2009-12-31,45.0,59.5
2010-01-01,27.0,43.05
2010-01-02,36.0,26.6
2010-01-03,31.5,37.4
2010-01-04,27.0,36.4
2010-01-05,45.0,29.2
2010-01-06,36.0,34.3
2010-01-07,45.0,57.2
2010-01-08,36.0,38.7
2010-01-09,27.0,20.2
2010-01-10,36.0,30.6
2010-01-11,45.0,35.8
2010-01-12,36.0,17.5
2010-01-13,18.0,16.5
2010-01-14,36.0,21.8
2010-01-15,18.0,24.3127114336
2010-01-16,36.0,26.0
2010-01-17,31.5,26.8
2010-01-18,27.0,10.8
2010-01-19,36.0,17.1
2010-01-20,27.0,22.0
2010-01-21,36.0,29.2
2010-01-22,39.0,17.5
2010-01-23,36.0,5.8
2010-01-24,36.0,19.3
2010-01-25,36.0,17.8
2010-01-26,40.5,13.0
2010-01-27,45.0,15.5
2010-01-28,36.0,31.5
2010-01-29,27.0,28.35
2010-01-30,45.0,25.2
2010-01-31,31.5,38.0
2010-02-01,18.0,23.4
2010-02-02,27.0,15.3
2010-02-03,36.0,13.7
2010-02-04,45.0,30.4
2010-02-05,36.0,25.45
2010-02-06,27.0,20.5
2010-02-07,31.5,26.7
2010-02-08,36.0,10.2
2010-02-09,27.0,22.0
2010-02-10,27.0,16.7
2010-02-11,36.0,17.5
2010-02-12,27.0,18.728475872
2010-02-13,18.0,20.7
2010-02-14,21.0535714286,32.3
2010-02-15,27.0,15.0
2010-02-16,36.0,25.4
2010-02-17,27.0,29.5
2010-02-18,36.0,34.0
2010-02-19,45.0,32.3
2010-02-20,36.0,30.6
2010-02-21,30.0535714286,39.3
2010-02-22,27.0,30.8
2010-02-23,36.0,18.4
2010-02-24,27.0,31.6
2010-02-25,45.0,30.8
2010-02-26,36.0,25.8303571429
2010-02-27,18.0,21.6
2010-02-28,22.6666666667,24.2
2010-03-01,31.3333333333,17.55
2010-03-02,36.0,10.9
2010-03-03,27.0,25.8
2010-03-04,36.0,26.0
2010-03-05,45.0,24.85
2010-03-06,36.0,23.7
2010-03-07,38.8669354839,28.5
2010-03-08,45.0,39.9
2010-03-09,60.0,15.8
2010-03-10,55.0,36.6
2010-03-11,58.0,49.2
2010-03-12,61.0,37.9
2010-03-13,50.0,26.6
2010-03-14,46.5480769231,41.6
2010-03-15,45.0,37.4
2010-03-16,47.0,24.6
2010-03-17,41.5,30.1
2010-03-18,36.0,51.0
2010-03-19,45.0,49.4410067873
2010-03-20,50.0,46.7
2010-03-21,47.5,44.0
2010-03-22,45.0,39.4
2010-03-23,60.0,32.6
2010-03-24,50.0,20.7
2010-03-25,68.0,43.8
2010-03-26,55.0,32.45
2010-03-27,56.0,21.1
2010-03-28,60.9402173913,54.2
2010-03-29,65.0,34.2
2010-03-30,55.0,30.4
2010-03-31,60.0,26.2
2010-04-01,68.0,28.0
2010-04-02,55.0,30.611606703
2010-04-03,62.0,33.3
2010-04-04,63.6543445122,35.8640162863
2010-04-05,65.0,38.7051246607
2010-04-06,67.0,41.5785523273
2010-04-07,57.0,44.2395264904
2010-04-08,60.0,46.4432743541
2010-04-09,55.0,47.9450231225
2010-04-10,65.0,48.5
2010-04-11,55.0,44.3079545455
2010-04-12,45.0,36.6
2010-04-13,45.0,27.5
2010-04-14,55.0,45.2
2010-04-15,60.0,49.2
2010-04-16,75.0,41.6
2010-04-17,69.0,34.0
2010-04-18,50.1796875,48.7
2010-04-19,36.0,31.1
2010-04-20,45.0,32.4
2010-04-21,55.0,33.1
2010-04-22,55.0,72.0
2010-04-23,69.0,52.0
2010-04-24,81.0,32.0
2010-04-25,81.0,41.4
2010-04-26,81.0,20.8
2010-04-27,87.0,24.1
2010-04-28,22.0,19.3
2010-04-29,58.0,24.0
2010-04-30,47.0,31.0499805613
2010-05-01,46.0,39.2
2010-05-02,52.0,48.2
2010-05-03,58.0,25.2
2010-05-04,58.0,27.9
2010-05-05,75.0,15.2
2010-05-06,68.0,40.3
2010-05-07,75.0,34.2
2010-05-08,71.8686868687,28.1
2010-05-09,65.404040404,43.6
2010-05-10,60.0,19.6
2010-05-11,56.6477272727,19.4
2010-05-12,55.0,26.0
2010-05-13,60.0,61.5
2010-05-14,47.0,39.65
2010-05-15,55.0,17.8
2010-05-16,55.0,34.6
2010-05-17,55.0,17.0
2010-05-18,47.0,17.5
2010-05-19,70.0,21.1
2010-05-20,85.0,66.0
2010-05-21,76.0,45.1
2010-05-22,85.0,24.2
2010-05-23,84.7203608247,43.0
2010-05-24,84.0,27.5
2010-05-25,65.0,39.9
2010-05-26,68.0,34.6
2010-05-27,75.0,61.5
2010-05-28,80.0,48.4
2010-05-29,80.0,35.3
2010-05-30,82.5,79.0
2010-05-31,85.0,69.9562689585
2010-06-01,67.0,52.1
2010-06-02,85.0,23.3
2010-06-03,95.0,38.0
2010-06-04,75.0,39.5776653332
2010-06-05,90.0,41.2
2010-06-06,86.25,66.0
2010-06-07,80.0,33.4
2010-06-08,75.0,36.5
2010-06-09,78.0,24.8
2010-06-10,85.0,42.3
2010-06-11,70.0,29.15
2010-06-12,55.0,16.0
2010-06-13,70.0,17.7
2010-06-14,85.0,17.7
2010-06-15,72.0,23.5
2010-06-16,63.0,31.0
2010-06-17,73.0,25.6
2010-06-18,68.0,20.4109375
2010-06-19,83.0,17.5
2010-06-20,81.0777310924,38.5
2010-06-21,77.0,21.0
2010-06-22,67.5,15.0
2010-06-23,76.0,23.0
2010-06-24,54.0,40.3
2010-06-25,60.0,32.0
2010-06-26,50.0,23.7
2010-06-27,56.0,31.0
2010-06-28,62.0,16.2
2010-06-29,54.0,27.5
2010-06-30,45.0,20.5
2010-07-01,50.0,39.3
2010-07-02,50.0,24.25
2010-07-03,50.0,9.2
2010-07-04,43.8450413223,37.9
2010-07-05,32.0,33.9
2010-07-06,15.0,27.7
2010-07-07,36.0,27.2
2010-07-08,43.0,51.8
2010-07-09,36.0,35.55
2010-07-10,37.1128581412,19.3
2010-07-11,39.6701607268,38.2
2010-07-12,42.5,20.3
2010-07-13,46.0,6.0
2010-07-14,46.0,22.8
2010-07-15,38.0,32.5
2010-07-16,45.0,23.0
2010-07-17,45.0,13.5
2010-07-18,40.0,37.6
2010-07-19,35.0,19.8
2010-07-20,46.0,18.5
2010-07-21,47.0,8.2
2010-07-22,45.0,23.6
2010-07-23,36.0,19.25
2010-07-24,44.0,14.9
2010-07-25,51.0967741935,26.7
2010-07-26,55.0,9.0
2010-07-27,36.0,17.3
2010-07-28,45.0,16.7
2010-07-29,36.0,26.4
2010-07-30,27.0,20.5
2010-07-31,37.5,14.6
2010-08-01,41.2644230769,29.0
2010-08-02,45.0,16.8
2010-08-03,55.0,14.5
2010-08-04,60.0,11.6
2010-08-05,55.0,25.7
2010-08-06,45.0,18.6
2010-08-07,36.0,11.5
2010-08-08,30.0535714286,12.6
2010-08-09,27.0,18.8
2010-08-10,36.0,16.0
2010-08-11,27.0,13.1
2010-08-12,60.0,25.9
2010-08-13,55.0,18.55
2010-08-14,45.0,11.2
2010-08-15,38.3928571429,15.4
2010-08-16,35.0,13.5
2010-08-17,45.0,5.3
2010-08-18,43.0,15.0
2010-08-19,27.0,46.2
2010-08-20,45.0,40.1494527917
2010-08-21,36.0,28.16557225
2010-08-22,30.0535714286,19.5
2010-08-23,27.0,17.3
2010-08-24,36.0,11.2
2010-08-25,45.0,12.9
2010-08-26,27.0,25.9
2010-08-27,45.0,23.05
2010-08-28,45.0,20.2
2010-08-29,45.0,27.8
2010-08-30,45.0,8.5
2010-08-31,36.0,15.2
2010-09-01,27.0,12.8
2010-09-02,27.0,35.8
2010-09-03,27.0,26.0
2010-09-04,36.0,16.2
2010-09-05,36.0,19.2
2010-09-06,36.0,11.5
2010-09-07,45.0,18.5
2010-09-08,36.0,10.2
2010-09-09,45.0,11.1
2010-09-10,41.0,8.3
2010-09-11,38.7251104315,5.5
2010-09-12,36.8069996602,19.4
2010-09-13,36.0,12.6
2010-09-14,36.0,19.4
2010-09-15,45.0,10.6
2010-09-16,36.0,32.2
2010-09-17,31.1785714286,20.85
2010-09-18,27.0,9.5
2010-09-19,21.375,32.1
2010-09-20,18.0,13.3
2010-09-21,27.0,9.5
2010-09-22,36.0,10.6
2010-09-23,45.0,24.3
2010-09-24,27.0,22.4
2010-09-25,18.0,20.5
2010-09-26,12.0535714286,32.8
2010-09-27,9.0,29.7
2010-09-28,18.0,14.1
2010-09-29,2700.0,24.6
2010-09-30,18.0,16.0
2010-10-01,9.0,16.7557228916
2010-10-02,9.0,18.6
2010-10-03,12.0535714286,32.5
2010-10-04,18.0,21.8
2010-10-05,27.0,32.3
2010-10-06,18.0,19.0
2010-10-07,27.0,35.1
2010-10-08,36.0,27.8
2010-10-09,18.0,20.5
2010-10-10,22.5,41.1
2010-10-11,27.0,32.5
2010-10-12,18.0,22.3
2010-10-13,27.0,32.1
2010-10-14,18.0,47.6
2010-10-15,24.0,31.55
2010-10-16,27.0,15.5
2010-10-17,32.4204545455,25.6
2010-10-18,36.0,22.0
2010-10-19,27.0,36.1
2010-10-20,36.0,21.2
2010-10-21,45.0,47.8
2010-10-22,36.0,35.9
2010-10-23,36.0,24.0
2010-10-24,31.5,33.6
2010-10-25,27.0,42.4
2010-10-26,36.0,35.0
2010-10-27,27.0,28.0
2010-10-28,45.0,21.9
2010-10-29,60.0,21.5410714286
2010-10-30,40.0,21.4
2010-10-31,37.1666666667,31.3
2010-11-01,36.0,41.8
2010-11-02,45.0,29.0
2010-11-03,36.0,32.5
2010-11-04,45.0,43.3
2010-11-05,36.0,23.25
2010-11-06,40.0,3.2
2010-11-07,38.0,28.5
2010-11-08,36.0,24.3
2010-11-09,45.0,15.2
2010-11-10,36.0,23.1
2010-11-11,45.0,36.0
2010-11-12,36.0,42.2741425993
2010-11-13,45.0,45.3
2010-11-14,45.0,32.5
2010-11-15,45.0,40.3
2010-11-16,45.0,43.3
2010-11-17,45.0,11.7
2010-11-18,27.0,57.1
2010-11-19,36.0,48.65
2010-11-20,45.0,40.2
2010-11-21,40.5,41.5
2010-11-22,36.0,35.0
2010-11-23,60.0,40.6
2010-11-24,54.525,21.0
2010-11-25,45.0,51.3
2010-11-26,36.0,36.0
2010-11-27,18.0,20.7
2010-11-28,22.5,53.3
2010-11-29,27.0,54.0
2010-11-30,18.0,42.2
2010-12-01,27.0,47.5
2010-12-02,18.0,59.2
2010-12-03,27.0,55.7
2010-12-04,18.0,52.2
2010-12-05,20.8125,57.8
2010-12-06,27.0,43.1
2010-12-07,45.0,37.6
2010-12-08,36.0,32.6
2010-12-09,27.0,96.3
2010-12-10,18.0,69.45
2010-12-11,25.0,42.6
2010-12-12,38.0,42.7
2010-12-13,45.0,34.0
2010-12-14,18.0,37.4
2010-12-15,36.0,22.4
2010-12-16,45.0,53.8
2010-12-17,42.0,46.75
2010-12-18,36.0,39.7
2010-12-19,25.5,55.4
2010-12-20,18.0,29.3
2010-12-21,27.0,21.3
2010-12-22,18.0,22.7
2010-12-23,9.0,51.3
2010-12-24,18.0,40.9
2010-12-25,27.0,30.5
2010-12-26,32.9464285714,36.3
2010-12-27,36.0,29.6
2010-12-28,27.0,19.1
2010-12-29,18.0,34.7
2010-12-30,27.0,31.6
2010-12-31,18.0,22.2158385093
2011-01-01,9.0,15.2
2011-01-02,13.5,36.4
2011-01-03,18.0,23.6
2011-01-04,9.0,16.4
2011-01-05,18.0,20.7
2011-01-06,9.0,44.3
2011-01-07,18.0,38.4295454545
2011-01-08,27.0,31.7
2011-01-09,18.0,30.8
2011-01-10,9.0,18.2
2011-01-11,18.0,25.8
2011-01-12,5.0,14.8
2011-01-13,4.0,59.0
2011-01-14,7.0,46.9289767216
2011-01-15,4.5,29.2
2011-01-16,4.96875,20.5
2011-01-17,6.0,37.3
2011-01-18,9.0,26.0
2011-01-19,4.5,34.1
2011-01-20,4.94318181818,34.0
2011-01-21,6.0,29.0451492537
2011-01-22,12.0,24.2
2011-01-23,11.7407407407,45.2
2011-01-24,11.2592592593,36.5
2011-01-25,11.0,24.2
2011-01-26,11.2808441558,22.4
2011-01-27,12.0,46.1
2011-01-28,27.0,37.7
2011-01-29,36.0,29.3
2011-01-30,31.5,35.0
2011-01-31,27.0,19.5
2011-02-01,36.0,23.0
2011-02-02,45.0,30.8
2011-02-03,45.0,53.4
2011-02-04,36.0,37.2
2011-02-05,45.0,21.0
2011-02-06,57.3823529412,23.392
2011-02-07,65.0,29.096
2011-02-08,15.0,35.904
2011-02-09,10.0,41.608
2011-02-10,10.0,44.0
2011-02-11,8.0,37.75
2011-02-12,8.0,31.5
2011-02-13,10.0,41.2
2011-02-14,12.0,22.9
2011-02-15,9.0,22.4
2011-02-16,9.0,30.7
2011-02-17,18.0,46.7
2011-02-18,12.0,34.5
2011-02-19,8.0,22.3
2011-02-20,17.5,40.2
2011-02-21,27.0,27.5
2011-02-22,12.0,42.6
2011-02-23,9.0,46.0
2011-02-24,11.0,51.8
2011-02-25,21.0,46.85
2011-02-26,18.0,41.9
2011-02-27,16.8947368421,84.0
2011-02-28,16.0,31.7
2011-03-01,15.0,22.8
2011-03-02,21.0,13.6
2011-03-03,27.0,65.3
2011-03-04,18.0,49.9
2011-03-05,21.0,34.5
2011-03-06,19.5,53.7
2011-03-07,18.0,35.3
2011-03-08,27.0,31.2
2011-03-09,36.0,28.3
2011-03-10,18.0,41.4
2011-03-11,27.0,45.5326285431
2011-03-12,27.0,49.0
2011-03-13,27.0,53.9
2011-03-14,27.0,25.6
2011-03-15,31.5,31.0
2011-03-16,36.0,43.9
2011-03-17,30.0,58.7
2011-03-18,30.9375,43.35
2011-03-19,33.0,28.0
2011-03-20,35.0625,36.55
2011-03-21,36.0,45.1
2011-03-22,36.0,30.1
2011-03-23,27.0,29.3
2011-03-24,36.0,50.3
2011-03-25,26.0,49.05
2011-03-26,45.0,47.8
2011-03-27,31.5,63.9
2011-03-28,18.0,32.8
2011-03-29,27.0,45.7
2011-03-30,18.0,35.6
2011-03-31,31.0,39.2
2011-04-01,26.0,32.8
2011-04-02,26.1355479191,26.4
2011-04-03,26.4933180603,45.0
2011-04-04,27.0,30.5
2011-04-05,36.0,35.1
2011-04-06,18.0,23.2
2011-04-07,27.0,45.9
2011-04-08,18.0,39.6902077151
2011-04-09,36.0,32.3
2011-04-10,33.0576923077,31.0
2011-04-11,27.0,26.8
2011-04-12,15.0,34.1
2011-04-13,18.0,34.7
2011-04-14,27.0,57.5
2011-04-15,36.0,53.2003173484
2011-04-16,45.0,45.3
2011-04-17,38.25,36.0
2011-04-18,27.0,16.8
2011-04-19,18.0,28.6
2011-04-20,27.0,34.1
2011-04-21,36.0,52.5
2011-04-22,41.9464285714,45.5
2011-04-23,45.0,38.5
2011-04-24,35.0,49.2
2011-04-25,25.0,25.9
2011-04-26,45.0,33.0
2011-04-27,43.0,31.3
2011-04-28,44.0,53.3
2011-04-29,47.0,40.45
2011-04-30,36.0,27.6
2011-05-01,40.5,50.9
2011-05-02,45.0,30.4
2011-05-03,27.0,40.4
2011-05-04,36.0,42.9
2011-05-05,45.0,42.2888888889
2011-05-06,37.0,40.9444444444
2011-05-07,36.0,39.6
2011-05-08,40.5,38.5
2011-05-09,45.0,45.3
2011-05-10,33.0,35.1
2011-05-11,45.0,42.0
2011-05-12,36.0,43.3
2011-05-13,45.0,40.65
2011-05-14,27.0,38.0
2011-05-15,36.0,43.2
2011-05-16,35.7407407407,35.0
2011-05-17,35.2592592593,40.2
2011-05-18,35.0,34.4
2011-05-19,39.0,41.8
2011-05-20,33.0,36.1
2011-05-21,45.0,30.4
2011-05-22,38.75,56.0
2011-05-23,32.5,44.0
2011-05-24,35.0,38.5
2011-05-25,27.0,39.6
2011-05-26,36.0,44.9
2011-05-27,27.0,42.7
2011-05-28,37.0,40.5
2011-05-29,42.3636363636,44.6
2011-05-30,45.0,38.0
2011-05-31,27.0,36.0
2011-06-01,25.0,50.2
2011-06-02,45.0,54.4
2011-06-03,36.0,39.8
2011-06-04,18.0,25.2
2011-06-05,22.5,49.7
2011-06-06,27.0,49.4
2011-06-07,18.0,28.5
2011-06-08,27.0,38.8
2011-06-09,27.0,48.5
2011-06-10,18.0,38.25
2011-06-11,20.3333333333,28.0
2011-06-12,24.6666666667,44.0
2011-06-13,27.0,26.5
2011-06-14,18.0,30.5
2011-06-15,27.0,36.0
2011-06-16,32.9464285714,46.4
2011-06-17,36.0,49.5794117647
2011-06-18,27.0,51.0
2011-06-19,21.0535714286,45.6
2011-06-20,18.0,32.1
2011-06-21,27.0,47.6
2011-06-22,18.0,31.8
2011-06-23,36.0,38.8
2011-06-24,28.0,38.525093985
2011-06-25,27.0,37.9
2011-06-26,31.5,35.6
2011-06-27,36.0,22.1
2011-06-28,27.0,19.6
2011-06-29,18.0,20.2
2011-06-30,36.0,39.4
2011-07-01,32.625,38.0
2011-07-02,27.0,36.6
2011-07-03,21.375,47.4
2011-07-04,18.0,27.0
2011-07-05,27.0,23.6
2011-07-06,18.0,30.3
2011-07-07,14.0,24.4
2011-07-08,27.0,26.4284090909
2011-07-09,31.2955974843,29.5
2011-07-10,34.6477987421,31.2
2011-07-11,36.0,15.5
2011-07-12,27.0,23.8
2011-07-13,22.0,29.4
2011-07-14,45.0,45.6
2011-07-15,36.0,36.9
2011-07-16,18.0,28.2
2011-07-17,11.8125,63.8
2011-07-18,9.0,18.9
2011-07-19,18.0,28.6
2011-07-20,27.0,27.0
2011-07-21,36.0,56.7
2011-07-22,27.0,37.1
2011-07-23,27.0,17.5
2011-07-24,22.5,57.6
2011-07-25,18.0,37.95
2011-07-26,27.0,18.3
2011-07-27,18.0,26.9
2011-07-28,20.0,52.7
2011-07-29,34.0,41.75
2011-07-30,27.0,30.8
2011-07-31,30.0535714286,47.5
2011-08-01,36.0,31.1
2011-08-02,45.0,23.7
2011-08-03,27.0,24.2
2011-08-04,36.0,34.9
2011-08-05,27.0,33.5201754386
2011-08-06,18.0,30.5
2011-08-07,22.5,22.0
2011-08-08,27.0,33.1
2011-08-09,18.0,30.5
2011-08-10,27.0,27.4
2011-08-11,18.0,67.0
2011-08-12,27.0,48.35
2011-08-13,36.0,29.7
2011-08-14,34.5897435897,54.4
2011-08-15,31.1794871795,20.7
2011-08-16,27.0,23.2
2011-08-17,18.0,27.5
2011-08-18,45.0,45.7
2011-08-19,36.0,37.9
2011-08-20,36.0,30.1
2011-08-21,34.5897435897,52.0
2011-08-22,31.1794871795,35.2
2011-08-23,27.0,29.4
2011-08-24,18.0,26.0
2011-08-25,27.0,36.5
2011-08-26,36.0,25.65
2011-08-27,27.0,14.8
2011-08-28,21.0535714286,28.0
2011-08-29,18.0,20.5
2011-08-30,36.0,40.4
2011-08-31,27.0,7.7
2011-09-01,18.0,15.8
2011-09-02,27.0,18.7191036441
2011-09-03,36.0,22.0
2011-09-04,31.0,43.2
2011-09-05,26.0,34.3
2011-09-06,36.0,29.1
2011-09-07,18.0,39.7
2011-09-08,45.0,69.8
2011-09-09,36.0,53.3
2011-09-10,27.0,36.8
2011-09-11,31.5,47.2
2011-09-12,36.0,28.5
2011-09-13,27.0,26.4
2011-09-14,45.0,30.2
2011-09-15,27.0,46.6
2011-09-16,12.375,34.1
2011-09-17,4.5,21.6
2011-09-18,17.296875,44.4
2011-09-19,36.0,33.0
2011-09-20,45.0,24.7
2011-09-21,27.0,25.5
2011-09-22,36.0,60.5
2011-09-23,27.0,45.2
2011-09-24,36.0,29.9
2011-09-25,41.9464285714,40.3
2011-09-26,45.0,32.6
2011-09-27,36.0,39.7
2011-09-28,36.0,51.3
2011-09-29,36.0,60.8
2011-09-30,27.0,48.55
2011-10-01,36.0,36.3
2011-10-02,41.9464285714,39.2
2011-10-03,45.0,23.5
2011-10-04,36.0,26.5
2011-10-05,27.0,22.0
2011-10-06,45.0,19.5
2011-10-07,27.0,17.8482142857
2011-10-08,27.0,17.0
2011-10-09,30.0535714286,43.7
2011-10-10,36.0,26.5
2011-10-11,45.0,27.4
2011-10-12,27.0,22.6
2011-10-13,36.0,55.0
2011-10-14,29.0,46.05
2011-10-15,36.0,37.1
2011-10-16,31.5,49.7
2011-10-17,27.0,27.7
2011-10-18,36.0,43.0
2011-10-19,45.0,48.9
2011-10-20,36.0,60.4
2011-10-21,27.0,45.05
2011-10-22,38.0,29.7
2011-10-23,48.8637640449,36.2
2011-10-24,55.0,50.0
2011-10-25,53.0,32.0
2011-10-26,45.0,24.0
2011-10-27,60.0,12.0
2011-10-28,50.0,16.5991965389
2011-10-29,41.0,25.2
2011-10-30,41.5390625,36.1
2011-10-31,42.5,22.8
2011-11-01,43.5,10.7
2011-11-02,45.0,17.8
2011-11-03,55.0,32.2
2011-11-04,61.0,32.4491265599
2011-11-05,27.0,32.7
2011-11-06,31.5,66.2
2011-11-07,36.0,19.0
2011-11-08,27.0,49.4
2011-11-09,36.0,42.0
2011-11-10,41.9464285714,58.9
2011-11-11,45.0,67.6367647059
2011-11-12,42.6666666667,71.9
2011-11-13,38.3333333333,64.5
2011-11-14,36.0,81.9
2011-11-15,45.0,73.5
2011-11-16,36.0,77.5
2011-11-17,60.0,83.1
2011-11-18,27.0,87.3723829201
2011-11-19,36.0,90.7
2011-11-20,31.5,92.5
2011-11-21,27.0,42.0
2011-11-22,36.0,44.6
2011-11-23,27.0,48.7
2011-11-24,30.0535714286,79.0
2011-11-25,36.0,64.65
2011-11-26,45.0,50.3
2011-11-27,41.9464285714,58.2
2011-11-28,36.0,51.0
2011-11-29,27.0,57.3
2011-11-30,45.0,59.0
2011-12-01,27.0,72.3
2011-12-02,36.0,61.35
2011-12-03,45.0,50.4
2011-12-04,45.0,76.6
2011-12-05,45.0,43.6
2011-12-06,60.0,21.7
2011-12-07,50.0,44.1
2011-12-08,45.0,73.2
2011-12-09,36.0,61.7
2011-12-10,27.0,50.2
2011-12-11,36.0,69.2
2011-12-12,45.0,46.6
2011-12-13,36.0,26.0
2011-12-14,45.0,16.0
2011-12-15,36.0,88.3
2011-12-16,35.0,64.9
2011-12-17,31.0,41.5
2011-12-18,33.5,71.6
2011-12-19,36.0,52.1
2011-12-20,18.0,52.3
2011-12-21,36.0,62.7
2011-12-22,45.0,69.4
2011-12-23,36.0,66.8
2011-12-24,45.0,64.2
2011-12-25,40.5,64.5
2011-12-26,36.0,58.3
2011-12-27,45.0,35.0
2011-12-28,36.0,51.1
2011-12-29,42.5,71.5
2011-12-30,45.0,66.1653553299
2011-12-31,36.0,58.8
2012-01-01,40.5,56.0
2012-01-02,45.0,49.1
2012-01-03,44.48,61.3
2012-01-04,43.24,58.0
2012-01-05,41.76,91.5
2012-01-06,40.52,73.3
2012-01-07,40.0,55.1
2012-01-08,200.0,86.5
2012-01-09,360.0,39.7
2012-01-10,27.0,69.5
2012-01-11,36.0,45.7
2012-01-12,45.0,46.1150262682
2012-01-13,36.0,47.1744969808
2012-01-14,36.0,48.6
2012-01-15,36.0,56.0
2012-01-16,36.0,28.8
2012-01-17,45.0,46.9
2012-01-18,51.5,46.0
2012-01-19,45.0,64.2
2012-01-20,36.0,58.4
2012-01-21,45.0,52.6
2012-01-22,45.0,73.1
2012-01-23,45.0,66.8
2012-01-24,45.0,68.4
2012-01-25,36.0,70.0
2012-01-26,40.5,69.0
2012-01-27,45.0,66.6538461538
2012-01-28,36.0,65.0
2012-01-29,40.5,114.4
2012-01-30,45.0,80.1
2012-01-31,41.0,61.2
2012-02-01,45.0,66.1
2012-02-02,27.0,50.1
2012-02-03,36.0,50.5751770956
2012-02-04,27.0,51.8
2012-02-05,21.0535714286,85.0
2012-02-06,18.0,46.0
2012-02-07,27.0,34.2
2012-02-08,14.0,46.2
2012-02-09,27.0,56.0
2012-02-10,18.0,70.7712537917
2012-02-11,19.4102564103,89.0
2012-02-12,22.8205128205,114.5
2012-02-13,27.0,48.2
2012-02-14,36.0,60.4
2012-02-15,27.0,66.7
2012-02-16,36.0,92.5
2012-02-17,27.0,87.6
2012-02-18,36.0,82.7
2012-02-19,31.5,89.8
2012-02-20,27.0,37.5
2012-02-21,27.0,40.6
2012-02-22,18.0,78.0
2012-02-23,27.0,94.8
2012-02-24,27.0,92.6561797753
2012-02-25,36.0,87.6
2012-02-26,32.9464285714,62.0
2012-02-27,27.0,47.7
2012-02-28,18.0,67.2
2012-02-29,35.0,79.0
2012-03-01,27.0,112.3
2012-03-02,27.0,87.85
2012-03-03,36.0,63.4
2012-03-04,32.9464285714,84.0
2012-03-05,27.0,68.9
2012-03-06,18.0,83.2
2012-03-07,36.0,95.0
2012-03-08,42.1875,87.1444444444
2012-03-09,45.0,72.5555555556
2012-03-10,27.0,64.7
2012-03-11,31.6666666667,108.0
2012-03-12,40.3333333333,61.4
2012-03-13,45.0,66.0
2012-03-14,27.0,41.5
2012-03-15,45.0,91.6
2012-03-16,36.0,83.1822439353
2012-03-17,45.0,68.7
2012-03-18,40.5,55.6
2012-03-19,36.0,21.5
2012-03-20,45.0,39.0
2012-03-21,36.0,44.7
2012-03-22,45.0,76.0
2012-03-23,36.0,62.75
2012-03-24,45.0,49.5
2012-03-25,41.9464285714,88.4
2012-03-26,36.0,79.5
2012-03-27,27.0,60.7
2012-03-28,45.0,77.7
2012-03-29,36.0,107.9
2012-03-30,27.0,93.85
2012-03-31,45.0,79.8
2012-04-01,40.5,102.0
2012-04-02,36.0,93.0
2012-04-03,45.0,104.2
2012-04-04,35.0,106.6
2012-04-05,45.0,126.3
2012-04-06,36.0,107.95
2012-04-07,27.0,89.6
2012-04-08,31.5,115.0
2012-04-09,36.0,66.5
2012-04-10,27.0,95.0
2012-04-11,36.0,77.3
2012-04-12,27.0,115.2
2012-04-13,36.0,112.238877295
2012-04-14,45.0,106.5
2012-04-15,36.0,98.0
2012-04-16,27.0,86.0
2012-04-17,36.0,89.5
2012-04-18,27.0,94.5
2012-04-19,36.0,145.0
2012-04-20,36.0,115.5
2012-04-21,23.0,86.0
2012-04-22,24.2358490566,127.4
2012-04-23,27.0,68.9
2012-04-24,36.0,98.6
2012-04-25,45.0,58.5
2012-04-26,27.0,166.4
2012-04-27,45.0,124.7
2012-04-28,36.0,83.0
2012-04-29,38.9482758621,87.8
2012-04-30,45.0,88.3
2012-05-01,54.4517241379,87.0
2012-05-02,65.0,73.4
2012-05-03,72.0,124.0
2012-05-04,67.0,98.3
2012-05-05,65.0,72.6
2012-05-06,68.0,123.8
2012-05-07,71.0,84.2
2012-05-08,67.0,69.1
2012-05-09,75.0,110.0
2012-05-10,76.0,109.6
2012-05-11,67.0,98.3847826087
2012-05-12,69.0,87.6
2012-05-13,72.6136363636,105.9
2012-05-14,75.0,66.0
2012-05-15,61.0,46.6
2012-05-16,67.0,67.8
2012-05-17,65.0,67.4
2012-05-18,53.0,79.1596135029
2012-05-19,60.0,99.3
2012-05-20,60.5082923833,117.2
2012-05-21,61.0,97.5
2012-05-22,65.0,97.5
2012-05-23,45.0,91.6
2012-05-24,62.5,92.8444444444
2012-05-25,56.0,95.1555555556
2012-05-26,65.0,96.4
2012-05-27,61.65,94.691448668
2012-05-28,55.0,90.4273417805
2012-05-29,44.0,84.9
2012-05-30,47.0,66.3
2012-05-31,53.0,83.9
2012-06-01,49.0,71.1
2012-06-02,65.0,58.3
2012-06-03,56.8804347826,59.75
2012-06-04,47.0,61.2
2012-06-05,45.0,48.0
2012-06-06,55.0,43.8
2012-06-07,49.0,81.9
2012-06-08,45.0,78.3545511222
2012-06-09,47.3747276688,71.3
2012-06-10,52.8605664488,59.5
2012-06-11,59.0,55.9
2012-06-12,67.0,56.471686747
2012-06-13,58.0,57.9
2012-06-14,45.0,73.7
2012-06-15,55.0,60.1
2012-06-16,45.0,46.5
2012-06-17,45.0,72.0
2012-06-18,45.0,32.8
2012-06-19,36.0,39.6
2012-06-20,45.0,56.2
2012-06-21,36.0,72.3
2012-06-22,45.0,58.3
2012-06-23,35.0,44.3
2012-06-24,40.0,69.0
2012-06-25,45.0,46.5
2012-06-26,35.0,38.7
2012-06-27,26.0,39.5
2012-06-28,30.0,68.2
2012-06-29,29.0,49.4
2012-06-30,31.0,30.6
2012-07-01,30.5,38.9
2012-07-02,30.0,30.2
2012-07-03,39.0,54.9
2012-07-04,27.0,9.9
2012-07-05,36.0,46.0
2012-07-06,45.0,42.25
2012-07-07,36.0,38.5
2012-07-08,40.5,91.5
2012-07-09,45.0,47.5
2012-07-10,27.0,37.3
2012-07-11,45.0,46.9
2012-07-12,36.0,89.8
2012-07-13,27.0,56.15
2012-07-14,27.0,22.5
2012-07-15,27.0,79.8
2012-07-16,27.0,39.8
2012-07-17,36.0,47.7
2012-07-18,27.0,30.1
2012-07-19,45.0,65.7
2012-07-20,36.0,46.95
2012-07-21,45.0,28.2
2012-07-22,43.25,79.9
2012-07-23,40.0,35.0
2012-07-24,36.0,41.9
2012-07-25,27.0,26.2
2012-07-26,36.0,83.9
2012-07-27,45.0,56.8
2012-07-28,50.0,29.7
2012-07-29,45.5,77.8
2012-07-30,41.0,30.7
2012-07-31,46.0,41.3
2012-08-01,36.0,34.1
2012-08-02,48.0,106.1
2012-08-03,45.0,74.15
2012-08-04,36.0,42.2
2012-08-05,36.0,70.3
2012-08-06,36.0,21.5
2012-08-07,45.0,18.0
2012-08-08,36.0,34.0
2012-08-09,45.0,67.3
2012-08-10,60.0,55.25
2012-08-11,55.0,43.2
2012-08-12,43.8035714286,82.8
2012-08-13,36.0,44.4
2012-08-14,45.0,41.7
2012-08-15,40.5,26.4
2012-08-16,36.0,78.3
2012-08-17,60.0,53.15
2012-08-18,45.0,28.0
2012-08-19,52.5,48.7
2012-08-20,60.0,2.5
2012-08-21,35.0,42.0
2012-08-22,45.0,40.4
2012-08-23,36.0,119.1
2012-08-24,45.0,84.8
2012-08-25,36.0,50.5
2012-08-26,40.5,71.7
2012-08-27,45.0,28.5
2012-08-28,36.0,44.8
2012-08-29,27.0,38.5
2012-08-30,36.0,69.3
2012-08-31,45.0,47.55
2012-09-01,36.0,25.8
2012-09-02,40.5,90.1
2012-09-03,45.0,26.6
2012-09-04,36.0,26.9
2012-09-05,45.0,46.2
2012-09-06,45.0,72.9
2012-09-07,45.0,68.3
2012-09-08,30.0,63.7
2012-09-09,31.9342105263,86.8
2012-09-10,36.0,24.5
2012-09-11,45.0,24.4
2012-09-12,36.0,44.6
2012-09-13,45.0,79.7
2012-09-14,36.0,56.0
2012-09-15,45.0,32.3
2012-09-16,48.4204545455,88.5
2012-09-17,50.0,63.0
2012-09-18,36.0,29.5
2012-09-19,45.0,31.5
2012-09-20,40.0,90.6
2012-09-21,9.0,64.65
2012-09-22,29.0,38.7
2012-09-23,33.8815789474,58.5
2012-09-24,36.0,14.5
2012-09-25,27.0,43.7
2012-09-26,36.0,24.0
2012-09-27,45.0,63.1
2012-09-28,27.0,40.55
2012-09-29,36.0,18.0
2012-09-30,41.9464285714,29.85
2012-10-01,45.0,41.7
2012-10-02,45.0,16.4
2012-10-03,36.0,34.0
2012-10-04,45.0,86.2
2012-10-05,36.0,55.4
2012-10-06,27.0,24.6
2012-10-07,30.0535714286,83.6
2012-10-08,36.0,48.0
2012-10-09,45.0,43.7
2012-10-10,45.0,56.6
2012-10-11,45.0,67.8
2012-10-12,36.0,44.55
2012-10-13,60.0,21.3
2012-10-14,52.5,95.0
2012-10-15,45.0,32.2
2012-10-16,45.0,39.5
2012-10-17,45.0,37.4
2012-10-18,45.0,86.4
2012-10-19,36.0,60.0
2012-10-20,27.0,33.6
2012-10-21,30.0535714286,72.2
2012-10-22,36.0,32.2
2012-10-23,45.0,21.7
2012-10-24,27.0,22.7
2012-10-25,36.0,79.0
2012-10-26,27.0,42.85
2012-10-27,27.0,6.7
2012-10-28,30.0535714286,34.0
2012-10-29,36.0,34.3
2012-10-30,45.0,28.5
2012-10-31,36.0,41.0
2012-11-01,27.0,54.2
2012-11-02,36.0,41.9
2012-11-03,27.0,29.6
2012-11-04,21.0535714286,71.8
2012-11-05,18.0,32.4
2012-11-06,27.0,33.0
2012-11-07,36.0,26.2
2012-11-08,27.0,52.9
2012-11-09,36.0,42.45
2012-11-10,27.0,32.0
2012-11-11,30.0535714286,44.5
2012-11-12,36.0,30.2
2012-11-13,45.0,17.9
2012-11-14,36.0,4.7
2012-11-15,18.0,28.8
2012-11-16,27.0,23.5804054054
2012-11-17,36.0,13.8
2012-11-18,33.6666666667,1.3
2012-11-19,29.3333333333,7.5
2012-11-20,27.0,9.7
2012-11-21,36.0,18.3
2012-11-22,27.0,58.0
2012-11-23,36.0,41.75
2012-11-24,27.0,25.5
2012-11-25,31.0,54.7
2012-11-26,35.0,36.5
2012-11-27,27.0,49.3
2012-11-28,36.0,26.0
2012-11-29,27.0,88.7
2012-11-30,36.0,78.23125
2012-12-01,18.0,55.2
2012-12-02,22.5,32.16875
2012-12-03,27.0,21.7
2012-12-04,18.0,29.7
2012-12-05,18.0,32.0
2012-12-06,18.0,45.9
2012-12-07,18.0,32.1
2012-12-08,36.0,18.3
2012-12-09,31.5,51.5
2012-12-10,27.0,33.7
2012-12-11,36.0,15.9
2012-12-12,27.0,32.45
2012-12-13,36.0,49.0
2012-12-14,27.0,36.85
2012-12-15,36.0,24.7
2012-12-16,31.5,49.9
2012-12-17,27.0,22.1
2012-12-18,36.0,30.8
2012-12-19,27.0,22.8
2012-12-20,36.0,60.5
2012-12-21,27.0,39.75
2012-12-22,36.0,19.0
2012-12-23,36.0,54.8
2012-12-24,36.0,30.0
2012-12-25,45.0,31.0
2012-12-26,36.0,31.1
2012-12-27,27.0,50.6
2012-12-28,36.0,46.3117531503
2012-12-29,29.0,37.5790618562
2012-12-30,29.9807692308,30.6
2012-12-31,32.0,28.0
2013-01-01,36.0,27.1
2013-01-02,27.0,28.7
2013-01-03,36.0,87.1
2013-01-04,45.0,56.85
2013-01-05,36.0,26.6
2013-01-06,31.5,55.0
2013-01-07,27.0,33.0
2013-01-08,18.0,30.5
2013-01-09,27.0,20.2
2013-01-10,36.0,59.3
2013-01-11,36.0,49.65
2013-01-12,45.0,40.0
2013-01-13,36.0,44.5
2013-01-14,27.0,15.8
2013-01-15,36.0,16.5
2013-01-16,45.0,23.9
2013-01-17,27.0,48.9
2013-01-18,18.0,37.45
2013-01-19,27.0,26.0
2013-01-20,32.9464285714,39.0
2013-01-21,36.0,19.5
2013-01-22,27.0,30.5
2013-01-23,36.0,38.6
2013-01-24,27.0,50.0
2013-01-25,45.0,55.2089169738
2013-01-26,36.0,59.4489029314
2013-01-27,27.0,61.2
2013-01-28,18.0,29.0
2013-01-29,9.0,28.5
2013-01-30,18.0,28.8703703704
2013-01-31,9.0,29.7962962963
2013-02-01,18.0,31.0
2013-02-02,9.0,32.2037037037
2013-02-03,13.5,33.1296296296
2013-02-04,18.0,33.5
2013-02-05,9.0,30.2
2013-02-06,11.0,32.2
2013-02-07,9.0,46.2
2013-02-08,11.0,38.25
2013-02-09,12.0,30.3
2013-02-10,12.0,44.7
2013-02-11,12.0,27.2
2013-02-12,13.0,42.5
2013-02-13,18.0,33.9
2013-02-14,27.0,44.5
2013-02-15,10.0,35.6
2013-02-16,18.0,26.7
2013-02-17,13.5,53.8
2013-02-18,9.0,35.8
2013-02-19,18.0,22.2
2013-02-20,27.0,24.9
2013-02-21,45.0,65.1
2013-02-22,36.0,50.55
2013-02-23,45.0,36.0
2013-02-24,48.4204545455,58.9
2013-02-25,50.0,28.5
2013-02-26,45.0,26.5
2013-02-27,50.0,33.7
2013-02-28,45.0,68.0
2013-03-01,40.0,58.6
2013-03-02,45.0,49.2
2013-03-03,40.5,60.0
2013-03-04,36.0,39.1
2013-03-05,54.0,41.0
2013-03-06,60.0,26.8
2013-03-07,65.0,62.8
2013-03-08,45.0,48.9964772727
2013-03-09,45.0,29.3
2013-03-10,45.0,20.7
2013-03-11,45.0,16.2
2013-03-12,45.0,31.5
2013-03-13,45.0,44.9
2013-03-14,36.0,46.7
2013-03-15,45.0,46.15
2013-03-16,36.0,45.6
2013-03-17,40.5,48.2
2013-03-18,45.0,30.7
2013-03-19,36.0,17.5
2013-03-20,45.0,25.2
2013-03-21,36.0,32.0
2013-03-22,45.0,27.5
2013-03-23,36.0,23.0
2013-03-24,40.5,50.3
2013-03-25,45.0,26.2
2013-03-26,36.0,27.6
2013-03-27,50.0,37.208703271
2013-03-28,45.0,45.5
2013-03-29,40.0,41.35
2013-03-30,45.0,37.2
2013-03-31,40.5,50.5
2013-04-01,36.0,18.6
2013-04-02,36.0,17.6
2013-04-03,45.0,15.3
2013-04-04,36.0,53.6
2013-04-05,24.75,39.6
2013-04-06,18.0,25.6
2013-04-07,20.8125,43.2
2013-04-08,27.0,12.2
2013-04-09,45.0,18.2
2013-04-10,36.0,18.2
2013-04-11,60.0,59.5
2013-04-12,45.0,43.3
2013-04-13,50.0,27.1
2013-04-14,47.5,47.0
2013-04-15,45.0,24.0
2013-04-16,45.0,21.2
2013-04-17,60.0,15.8
2013-04-18,50.0,16.6334617855
2013-04-19,45.0,18.7335902376
2013-04-20,60.0,21.5
2013-04-21,54.525,32.5
2013-04-22,45.0,32.7
2013-04-23,36.0,18.2
2013-04-24,65.0,28.2
2013-04-25,55.0,37.5
2013-04-26,45.0,33.617519685
2013-04-27,60.0,26.5
2013-04-28,52.5,18.2
2013-04-29,45.0,11.7
2013-04-30,60.0,30.3
2013-05-01,36.0,27.6
2013-05-02,88.0,20.3
2013-05-03,60.0,18.8944444444
2013-05-04,55.0,18.3
2013-05-05,56.6964285714,45.5
2013-05-06,60.0,20.2
2013-05-07,65.0,8.3
2013-05-08,70.0,15.2
2013-05-09,85.0,44.5
2013-05-10,60.0,40.828125
2013-05-11,100.0,32.75
2013-05-12,92.5,24.671875
2013-05-13,85.0,21.0
2013-05-14,90.0,27.8
2013-05-15,95.0,23.1
2013-05-16,87.0,35.5
2013-05-17,90.0,31.5
2013-05-18,90.0,27.5
2013-05-19,92.5,40.5
2013-05-20,95.0,22.8
2013-05-21,85.0,27.6
2013-05-22,90.0,16.8
2013-05-23,100.0,25.2
2013-05-24,90.0,22.1
2013-05-25,88.0,19.0
2013-05-26,89.0,22.5
2013-05-27,90.0,13.2
2013-05-28,85.0,7.5
2013-05-29,65.0,15.7
2013-05-30,60.0,18.6
2013-05-31,65.0,13.55
2013-06-01,57.0,8.5
2013-06-02,57.9556451613,31.0
2013-06-03,60.0,9.6
2013-06-04,65.0,2.7
2013-06-05,55.0,13.1
2013-06-06,60.0,20.0
2013-06-07,60.0,18.05
2013-06-08,58.7037037037,16.1
2013-06-09,56.2962962963,26.1
2013-06-10,55.0,9.5
2013-06-11,65.0,34.6
2013-06-12,60.0,19.5
2013-06-13,45.0,31.2
2013-06-14,45.0,21.8
2013-06-15,50.0,12.4
2013-06-16,56.25,17.1
2013-06-17,60.0,13.8
2013-06-18,50.0,8.7
2013-06-19,60.0,11.1
2013-06-20,50.0,19.8
2013-06-21,60.0,20.3969782434
2013-06-22,45.0,21.0
2013-06-23,52.5,32.2
2013-06-24,60.0,9.0
2013-06-25,55.0,5.2
2013-06-26,45.0,13.8
2013-06-27,60.0,23.9
2013-06-28,55.0,22.15
2013-06-29,60.0,20.4
2013-06-30,57.5,26.5
2013-07-01,55.0,4.5
2013-07-02,60.0,4.5
2013-07-03,30.0,9.0
2013-07-04,45.0,9.5
2013-07-05,35.0,10.9356261225
2013-07-06,40.0,13.6
2013-07-07,37.5,28.3
2013-07-08,35.0,13.2
2013-07-09,40.0,11.4
2013-07-10,36.0,28.1
2013-07-11,40.0,27.5
2013-07-12,50.0,20.7979020979
2013-07-13,60.0,14.7
2013-07-14,54.0340909091,20.3
2013-07-15,45.0,17.1
2013-07-16,40.0,10.5
2013-07-17,45.0,15.5
2013-07-18,60.0,21.2
2013-07-19,50.0,19.2
2013-07-20,40.0,17.2
2013-07-21,36.5625,69.7
2013-07-22,35.0,11.2
2013-07-23,40.0,15.0
2013-07-24,45.0,17.7
2013-07-25,50.0,34.8
2013-07-26,60.0,25.5
2013-07-27,50.0,16.2
2013-07-28,47.4829545455,29.2
2013-07-29,45.0,10.5
2013-07-30,36.0,11.4
2013-07-31,50.0,11.0
2013-08-01,45.0,34.5
2013-08-02,52.5,19.85
2013-08-03,60.0,5.2
2013-08-04,55.9742351047,6.5416
2013-08-05,47.5040257649,9.7408
2013-08-06,40.0,13.5592
2013-08-07,36.0,16.7584
2013-08-08,40.0,18.1
2013-08-09,36.88,16.25625
2013-08-10,29.44,12.2
2013-08-11,20.56,8.14375
2013-08-12,13.12,6.3
2013-08-13,10.0,13.5
2013-08-14,12.0,10.3
2013-08-15,14.5,8.68735843281
2013-08-16,16.0,7.35479032752
2013-08-17,15.0,6.8
2013-08-18,13.1239935588,12.75
2013-08-19,11.0064412238,18.7
2013-08-20,10.0,12.1
2013-08-21,11.0,5.5
2013-08-22,9.0,23.0
2013-08-23,8.0,12.7
2013-08-24,9.0,2.4
2013-08-25,11.875,4.24218415418
2013-08-26,14.0,8.0
2013-08-27,12.0,15.1
2013-08-28,10.0,16.3
2013-08-29,10.03134375,17.2493491896
2013-08-30,10.12325,18.2722579929
2013-08-31,10.27253125,19.3070395759
2013-09-01,10.476,20.2920071048
2013-09-02,10.73046875,21.1654737456
2013-09-03,11.03275,21.8657526643
2013-09-04,11.37965625,22.3311570271
2013-09-05,11.768,22.5
2013-09-06,12.19459375,12.25
2013-09-07,12.65625,2.0
2013-09-08,13.14978125,3.94444444444
2013-09-09,13.672,7.55555555556
2013-09-10,14.21971875,9.5
2013-09-11,14.78975,4.5
2013-09-12,15.37890625,19.2
2013-09-13,15.984,16.45
2013-09-14,16.60184375,13.7
2013-09-15,17.22925,14.3222222222
2013-09-16,17.86303125,15.4777777778
2013-09-17,18.5,16.1
2013-09-18,19.13696875,11.5
2013-09-19,19.77075,6.9
2013-09-20,20.39815625,7.88574561404
2013-09-21,21.016,10.0
2013-09-22,21.62109375,14.714254386
2013-09-23,22.21025,18.3
2013-09-24,22.78028125,12.8
2013-09-25,23.328,5.4
2013-09-26,23.85021875,4.6
2013-09-27,24.34375,4.63927005845
2013-09-28,24.80540625,4.74638682253
2013-09-29,25.232,4.90531017535
2013-09-30,25.62034375,5.1
2013-10-01,25.96725,20.7
2013-10-02,26.26953125,12.2
2013-10-03,26.524,17.0
2013-10-04,26.72746875,13.9066115702
2013-10-05,26.87675,9.4
2013-10-06,26.96865625,6.44338842975
2013-10-07,27.0,4.9
2013-10-08,18.0,21.7
2013-10-09,18.0,12.3
2013-10-10,17.556851312,18.9
2013-10-11,16.4139941691,18.0283710895
2013-10-12,14.8513119534,16.0900755124
2013-10-13,13.1486880466,14.1
2013-10-14,11.5860058309,12.3
2013-10-15,10.443148688,18.0
2013-10-16,10.0,28.2442
2013-10-17,10.208,35.0
2013-10-18,10.704,26.05
2013-10-19,11.296,17.1
2013-10-20,11.792,34.9
2013-10-21,12.0,14.3
2013-10-22,9.0,15.3759487666
2013-10-23,10.0,18.0
2013-10-24,9.0,37.6
2013-10-25,7.0,335.0
2013-10-26,6.0,335.0
2013-10-27,7.5,178.85
2013-10-28,9.0,22.7
2013-10-29,7.5,456.0
2013-10-30,9.0,23.9
2013-10-31,23.2408536585,32.7
2013-11-01,36.0,26.0
2013-11-02,36.0,19.3
2013-11-03,31.5,19.971875
2013-11-04,27.0,21.45
2013-11-05,36.0,22.928125
2013-11-06,27.0,23.6
2013-11-07,36.0,21.6
2013-11-08,36.0,12.1283783784
2013-11-09,27.0,4.4
2013-11-10,27.0,9.12068698347
2013-11-11,27.0,18.3
2013-11-12,36.0,32.1
2013-11-13,27.0,120.8
2013-11-14,18.0,32.6
2013-11-15,36.0,30.6663068459
2013-11-16,27.0,29.0
2013-11-17,31.5,24.2948833226
2013-11-18,36.0,18.3363305502
2013-11-19,18.0,15.4
2013-11-20,45.0,25.5
2013-11-21,36.0,21.5592592593
2013-11-22,45.0,14.2407407407
2013-11-23,36.0,10.3
2013-11-24,38.8669354839,15.1
2013-11-25,45.0,19.9
2013-11-26,60.0,16.4
2013-11-27,45.0,41.7
2013-11-28,60.0,30.9
2013-11-29,55.0,29.6405364822
2013-11-30,60.0,28.5
2013-12-01,57.5,25.468524712
2013-12-02,55.0,21.6675956893
2013-12-03,70.0,19.8
2013-12-04,90.0,21.5
2013-12-05,80.0,43.4
2013-12-06,90.0,38.9508093525
2013-12-07,80.0,30.9
2013-12-08,75.0,22.0
2013-12-09,70.0,30.25
2013-12-10,60.0,38.5
2013-12-11,70.0,36.5
2013-12-12,80.0,560.0
2013-12-13,70.0,302.910353488
2013-12-14,90.0,38.2
2013-12-15,86.5352449223,26.5396465116
2013-12-16,78.6260454002,22.5
2013-12-17,70.0,45.1
2013-12-18,60.0,49.2519831731
2013-12-19,80.0,51.0
2013-12-20,100.0,33.7
2013-12-21,80.0,16.4
2013-12-22,80.0,17.1818345324
2013-12-23,80.0,19.1
2013-12-24,90.0,34.7
2013-12-25,70.0,15.7
2013-12-26,100.0,39.5
2013-12-27,90.0,35.670119863
2013-12-28,80.0,28.4
2013-12-29,87.5,17.629880137
2013-12-30,100.0,10.3
2013-12-31,110.0,11.2498289624
2014-01-01,90.0,13.7
2014-01-02,100.0,82.5
2014-01-03,80.0,53.55
2014-01-04,90.0,24.6
2014-01-05,75.0,25.4183139535
2014-01-06,60.0,27.1
2014-01-07,90.0,30.4
2014-01-08,80.0,40.0
2014-01-09,40.0,49.5
2014-01-10,80.0,43.671875
2014-01-11,90.0,30.85
2014-01-12,75.0,18.028125
2014-01-13,60.0,12.2
2014-01-14,70.0,16.6428180522
2014-01-15,80.0,26.5078583266
2014-01-16,90.0,36.6
2014-01-17,80.0,44.633265306
2014-01-18,70.0,54.4
2014-01-19,73.3928571429,72.9552255739
2014-01-20,80.0,94.9053905647
2014-01-21,90.0,105.5
2014-01-22,80.0,25.6
2014-01-23,70.0,52.0
2014-01-24,60.0,33.85
2014-01-25,60.0,15.7
2014-01-26,63.3928571429,23.75
2014-01-27,70.0,31.8
2014-01-28,80.0,22.0
2014-01-29,60.0,22.4
2014-01-30,50.0,17.9925925926
2014-01-31,60.0,9.80740740741
2014-02-01,70.0,5.4
2014-02-02,75.0,12.3
2014-02-03,80.0,19.2
2014-02-04,90.0,9.9
2014-02-05,80.0,9.90321089265
2014-02-06,60.0,9.91251841691
2014-02-07,50.0,9.92743484225
2014-02-08,70.0,9.94747243814
2014-02-09,65.0,9.97214347406
2014-02-10,60.0,10.0009602195
2014-02-11,70.0,10.0334349439
2014-02-12,100.0,10.0690799167
2014-02-13,80.0,10.1074074074
2014-02-14,60.0,10.1479296855
2014-02-15,70.0,10.1901590205
2014-02-16,66.6071428571,10.2336076818
2014-02-17,60.0,10.2777879388
2014-02-18,50.0,10.3222120612
2014-02-19,45.0,10.3663923182
2014-02-20,50.0,10.4098409795
2014-02-21,60.0,10.4520703145
2014-02-22,70.0,10.4925925926
2014-02-23,66.7763157895,10.5309200833
2014-02-24,60.0,10.5665650561
2014-02-25,45.0,10.5990397805
2014-02-26,60.0,10.6278565259
2014-02-27,45.0,10.6525275619
2014-02-28,50.0,10.6725651578
2014-03-01,60.0,10.6874815831
2014-03-02,52.5,10.6967891074
2014-03-03,45.0,10.7
2014-03-04,60.0,9.3
2014-03-05,50.0,24.5
2014-03-06,50.0,3.2
2014-03-07,60.0,7.4
2014-03-08,70.0,11.6
2014-03-09,68.3035714286,11.4
2014-03-10,65.0,11.8859797297
2014-03-11,60.0,13.0459459459
2014-03-12,50.0,14.4329391892
2014-03-13,60.0,15.6
2014-03-14,55.0,16.3908859988
2014-03-15,50.0,17.0675878886
2014-03-16,52.5925925926,17.8104958342
2014-03-17,57.4074074074,18.8
2014-03-18,60.0,22.7
2014-03-19,50.0,11.5
2014-03-20,60.0,15.7777777778
2014-03-21,70.0,23.7222222222
2014-03-22,60.0,28.0
2014-03-23,70.0,25.5888888889
2014-03-24,80.0,21.1111111111
2014-03-25,70.0,18.7
2014-03-26,60.0,39.9
2014-03-27,70.0,40.8914529601
2014-03-28,60.0,41.8229363675
2014-03-29,70.0,42.6607127904
2014-03-30,50.0,43.3710447969
2014-03-31,30.0,43.9201949552
2014-04-01,50.0,44.2744258335
2014-04-02,60.0,44.4
2014-04-03,50.0,42.3079834096
2014-04-04,60.0,38.3270779304
2014-04-05,50.0,35.9
2014-04-06,55.0,35.396800376
2014-04-07,60.0,34.8925709626
2014-04-08,55.0,34.3875899178
2014-04-09,50.0,33.8821353993
2014-04-10,60.0,33.3764855652
2014-04-11,50.0,32.8709185733
2014-04-12,50.0,32.3657125815
2014-04-13,50.0,31.8611457478
2014-04-14,50.0,31.3574962301
2014-04-15,50.0,30.8550421862
2014-04-16,45.0,30.3540617742
2014-04-17,90.0,29.8548331518
2014-04-18,81.6666666667,29.3576344771
2014-04-19,70.0,28.8627439078
2014-04-20,63.3333333333,28.370439602
2014-04-21,60.0,27.8809997175
2014-04-22,70.0,27.3947024123
2014-04-23,80.0,26.9118258442
2014-04-24,70.0,26.4326481712
2014-04-25,80.0,25.9574475512
2014-04-26,80.0,25.4865021421
2014-04-27,65.0,25.0200901018
2014-04-28,50.0,24.5584895882
2014-04-29,60.0,24.1019787592
2014-04-30,70.0,23.6508357727
2014-05-01,68.5185185185,23.2053387867
2014-05-02,64.8148148148,22.765765959
2014-05-03,60.0,22.3323954476
2014-05-04,55.1851851852,21.9055054104
2014-05-05,51.4814814815,21.4853740052
2014-05-06,50.0,21.0722793901
2014-05-07,60.0,20.6664997228
2014-05-08,50.0,20.2683131614
2014-05-09,50.0,19.8779978637
2014-05-10,70.0,19.4958319876
2014-05-11,64.8148148148,19.122093691
2014-05-12,55.1851851852,18.757061132
2014-05-13,50.0,18.4010124682
2014-05-14,80.0,18.0542258578
2014-05-15,60.0,17.7169794585
2014-05-16,50.0,17.3895514284
2014-05-17,60.0,17.0722199252
2014-05-18,66.6071428571,16.765263107
2014-05-19,70.0,16.4689591316
2014-05-20,60.0,16.1835861569
2014-05-21,70.0,15.9094223409
2014-05-22,60.0,15.6467458414
2014-05-23,70.0,15.3958348164
2014-05-24,60.0,15.1569674238
2014-05-25,47.5,14.9304218214
2014-05-26,40.0,14.7164761673
2014-05-27,50.0,14.5154086193
2014-05-28,60.0,14.3274973353
2014-05-29,70.0,14.1530204732
2014-05-30,50.0,13.9922561909
2014-05-31,60.0,13.8454826464
2014-06-01,65.0,13.7129779976
2014-06-02,70.0,13.5950204024
2014-06-03,80.0,13.4918880186
2014-06-04,70.0,13.4038590042
2014-06-05,80.0,13.3312115171
2014-06-06,70.0,13.2742237152
2014-06-07,60.0,13.2331737565
2014-06-08,65.0,13.2083397988
2014-06-09,70.0,13.2
2014-06-10,60.0,13.5802325581
2014-06-11,70.0,14.4
2014-06-12,60.0,16.5
2014-06-13,70.0,15.3453947368
2014-06-14,70.0,13.8
2014-06-15,75.0,13.2721876807
2014-06-16,80.0,12.7
2014-06-17,60.0,9.5
2014-06-18,50.0,11.4
2014-06-19,60.0,42.2
2014-06-20,50.0,27.6
2014-06-21,60.0,13.0
2014-06-22,55.0,45.6
2014-06-23,50.0,15.6
2014-06-24,60.0,14.7
2014-06-25,50.0,10.5
2014-06-26,40.0,15.6
2014-06-27,50.0,15.6
2014-06-28,40.0,15.6
2014-06-29,41.6964285714,21.0
2014-06-30,45.0,15.3
2014-07-01,50.0,8.7
2014-07-02,40.0,25.8
2014-07-03,20.0,39.4
2014-07-04,30.0,21.05
2014-07-05,20.0,2.7
2014-07-06,16.5625,3.81810566038
2014-07-07,15.0,6.52631698113
2014-07-08,20.0,9.8554754717
2014-07-09,25.0,12.8364226415
2014-07-10,20.0,14.5
2014-07-11,30.0,14.8721858471
2014-07-12,25.0,15.2
2014-07-13,21.6964285714,19.7
2014-07-14,20.0,21.2
2014-07-15,30.0,10.8
2014-07-16,25.0,13.5
2014-07-17,20.0,27.3
2014-07-18,25.0,22.6631386861
2014-07-19,40.0,16.8
2014-07-20,43.4926470588,14.5868613139
2014-07-21,45.0,13.6
2014-07-22,30.0,22.7
2014-07-23,25.0,29.5058823529
2014-07-24,40.0,33.1
2014-07-25,30.0,24.6
2014-07-26,30.0,16.1
2014-07-27,33.75,42.4
2014-07-28,40.0,9.6
2014-07-29,46.25,9.68320928196
2014-07-30,50.0,9.9
2014-07-31,40.0,21.2
2014-08-01,30.0,2.4
2014-08-02,40.0,4.884375
2014-08-03,40.0,10.35
2014-08-04,40.0,15.815625
2014-08-05,30.0,18.3
2014-08-06,45.0,18.2140639832
2014-08-07,40.0,17.9698038933
2014-08-08,50.0,17.587541671
2014-08-09,30.0,17.0875992568
2014-08-10,35.0,16.4902985914
2014-08-11,40.0,15.8159616155
2014-08-12,40.0,15.0849102696
2014-08-13,30.0,14.3174664945
2014-08-14,40.0,13.5339522308
2014-08-15,35.0,12.7546894191
2014-08-16,30.0,12.0
2014-08-17,45.0,10.4829152443
2014-08-18,60.0,9.3
2014-08-19,50.0,9.23323342688
2014-08-20,40.0,9.16788915833
2014-08-21,50.0,9.10453121168
2014-08-22,40.0,9.04372360426
2014-08-23,30.0,8.9860303534
2014-08-24,33.75,8.93201547642
2014-08-25,40.0,8.88224299065
2014-08-26,45.0,8.83727691344
2014-08-27,36.0,8.79768126209
2014-08-28,50.0,8.76402005395
2014-08-29,40.0,8.73685730634
2014-08-30,45.0,8.71675703659
2014-08-31,48.3035714286,8.70428326204
2014-09-01,50.0,8.7
2014-09-02,40.0,8.73367837877
2014-09-03,60.0,8.82981484181
2014-09-04,50.0,8.98106137921
2014-09-05,40.0,9.18006998105
2014-09-06,50.0,9.41949263741
2014-09-07,50.0,9.69198133839
2014-09-08,50.0,9.99018807406
2014-09-09,40.0,10.3067648345
2014-09-10,30.0,10.6343636099
2014-09-11,30.0,10.9656363901
2014-09-12,30.0,11.2932351655
2014-09-13,40.0,11.6098119259
2014-09-14,46.6071428571,11.9080186616
2014-09-15,50.0,12.1805073626
2014-09-16,50.0,12.419930019
2014-09-17,50.0,12.6189386208
2014-09-18,50.0,12.7701851582
2014-09-19,50.0,12.8663216212
2014-09-20,50.0,12.9
2014-09-21,47.92,12.8393554688
2014-09-22,42.96,12.66796875
2014-09-23,37.04,12.4016601563
2014-09-24,32.08,12.05625
2014-09-25,30.0,11.6475585938
2014-09-26,30.0,11.19140625
2014-09-27,30.0,10.7036132812
2014-09-28,33.75,10.2
2014-09-29,40.0,9.69638671875
2014-09-30,45.0,9.20859375
2014-10-01,40.0,8.75244140625
2014-10-02,30.0,8.34375
2014-10-03,40.0,7.99833984375
2014-10-04,30.0,7.73203125
2014-10-05,40.0,7.56064453125
2014-10-06,50.0,7.5
2014-10-07,45.0,10.5
2014-10-08,30.0,13.5
2014-10-09,40.0,17.2
2014-10-10,50.0,12.35
2014-10-11,60.0,7.5
2014-10-12,45.0,9.02359271523
2014-10-13,30.0,12.0
2014-10-14,35.0,16.3247240618
2014-10-15,40.0,21.3123620309
2014-10-16,30.0,23.7
2014-10-17,40.0,16.2
2014-10-18,50.0,8.7
2014-10-19,45.0,34.8
2014-10-20,40.0,7.5
2014-10-21,50.0,26.4
2014-10-22,40.0,9.0
2014-10-23,40.0,24.0
2014-10-24,50.0,13.6
2014-10-25,60.0,3.2
2014-10-26,50.0,18.1
2014-10-27,40.0,8.0
2014-10-28,50.0,12.9
2014-10-29,60.0,6.9
2014-10-30,60.0,16.8
2014-10-31,60.0,15.6
2014-11-01,60.0,14.4
2014-11-02,50.0,40.8
2014-11-03,40.0,16.8
2014-11-04,60.0,21.0
2014-11-05,50.0,19.8
2014-11-06,50.0,50.7
2014-11-07,30.0,32.85
2014-11-08,30.0,15.0
2014-11-09,33.3928571429,15.2504926108
2014-11-10,40.0,15.9
2014-11-11,50.0,39.9
2014-11-12,40.0,44.4
2014-11-13,30.0,13.8
2014-11-14,40.0,18.9333333333
2014-11-15,50.0,28.4666666667
2014-11-16,46.6071428571,33.6
2014-11-17,40.0,14.0
2014-11-18,30.0,12.6
2014-11-19,40.0,32.3
2014-11-20,30.0,25.2
2014-11-21,40.0,31.1115090585
2014-11-22,30.0,43.3563514504
2014-11-23,40.0,53.7
2014-11-24,50.0,60.3120523091
2014-11-25,40.0,63.6
2014-11-26,50.0,60.6
2014-11-27,40.0,36.9
2014-11-28,30.0,42.5
2014-11-29,50.0,48.1
2014-11-30,45.0,40.8
2014-12-01,40.0,33.5
2014-12-02,50.0,41.1
2014-12-03,40.0,24.0
2014-12-04,30.0,37.2
2014-12-05,50.0,32.35
2014-12-06,40.0,27.5
2014-12-07,33.3928571429,39.9
2014-12-08,30.0,26.1
2014-12-09,50.0,44.4
2014-12-10,40.0,37.8
2014-12-11,50.0,53.1
2014-12-12,40.0,40.8111111111
2014-12-13,50.0,17.9888888889
2014-12-14,40.0,5.7
2014-12-15,30.0,17.7
2014-12-16,40.0,38.7
2014-12-17,40.0,9.5
2014-12-18,30.0,48.9
2014-12-19,40.0,32.2
2014-12-20,30.0,15.5
2014-12-21,33.3928571429,41.7
2014-12-22,40.0,18.9
2014-12-23,50.0,19.0683962264
2014-12-24,30.0,19.5
2014-12-25,40.0,28.8
2014-12-26,30.0,35.6544817836
2014-12-27,40.0,44.7
2014-12-28,40.0,102.0
2014-12-29,40.0,49.9
2014-12-30,40.0,42.2473360782
2014-12-31,20.0,35.2761175266
2015-01-01,30.0,29.0508670503
2015-01-02,40.0,23.6361073544
2015-01-03,30.0,19.0963611439
2015-01-04,60.0,15.4961511241
2015-01-05,56.6071428571,12.9
2015-01-06,50.0,11.281846473
2015-01-07,40.0,10.7
2015-01-08,30.0,39.5
2015-01-09,40.0,31.85
2015-01-10,50.0,24.2
2015-01-11,45.0,87.9
2015-01-12,40.0,19.8
2015-01-13,50.0,18.6
2015-01-14,40.0,31.5
2015-01-15,50.0,30.7222222222
2015-01-16,40.0,29.2777777778
2015-01-17,50.0,28.5
2015-01-18,56.6071428571,49.4
2015-01-19,60.0,25.5
2015-01-20,40.0,23.7
2015-01-21,50.0,14.5
2015-01-22,50.0,40.8
2015-01-23,60.0,32.4
2015-01-24,50.0,24.0
2015-01-25,52.5925925926,42.2
2015-01-26,57.4074074074,22.5
2015-01-27,60.0,24.6777777778
2015-01-28,50.0,28.7222222222
2015-01-29,40.0,30.9
2015-01-30,50.0,24.15
2015-01-31,60.0,17.4
2015-02-01,58.4375,31.2
2015-02-02,55.0,34.4393558952
2015-02-03,51.5625,37.2572052402
2015-02-04,50.0,39.2464519651
2015-02-05,60.0,40.0
2015-02-06,50.0,28.5
2015-02-07,40.0,17.0
2015-02-08,42.8171641791,21.2306034483
2015-02-09,50.0,30.0
2015-02-10,180.0,48.0
2015-02-11,50.0,19.0
2015-02-12,40.0,44.0
2015-02-13,50.0,32.0
2015-02-14,30.0,20.0
2015-02-15,35.0,32.0
2015-02-16,40.0,6.0
2015-02-17,30.0,5.0
2015-02-18,50.0,8.0
2015-02-19,40.0,26.0
2015-02-20,30.0,19.5
2015-02-21,70.0,13.0
2015-02-22,65.0,27.0
2015-02-23,60.0,14.0
2015-02-24,60.0,17.0
2015-02-25,60.0,14.0
2015-02-26,40.0,44.0
2015-02-27,40.0,33.2857142857
2015-02-28,50.0,20.0
2015-03-01,45.0,17.0
2015-03-02,40.0,2.0
2015-03-03,80.0,8.0
2015-03-04,60.0,9.0
2015-03-05,80.0,31.0
2015-03-06,60.0,28.1739130435
2015-03-07,40.0,23.0
2015-03-08,45.0,17.0
2015-03-09,50.0,11.0
2015-03-10,40.0,26.0
2015-03-11,60.0,26.0
2015-03-12,70.0,10.0
2015-03-13,80.0,8.57142857143
2015-03-14,70.0,8.0
2015-03-15,63.3928571429,10.0
2015-03-16,60.0,11.0
2015-03-17,70.0,23.0
2015-03-18,60.0,16.0
2015-03-19,50.0,28.0
2015-03-20,40.0,22.037037037
2015-03-21,50.0,10.962962963
2015-03-22,54.7321428571,5.0
2015-03-23,60.0,21.0
2015-03-24,80.0,18.5
2015-03-25,70.0,16.0
2015-03-26,60.0,16.0
2015-03-27,70.0,16.0
2015-03-28,80.0,16.0
2015-03-29,76.6071428571,16.5555555556
2015-03-30,70.0,17.7777777778
2015-03-31,60.0,19.0
2015-04-01,70.0,20.0
2015-04-02,70.0,18.4444444444
2015-04-03,50.0,15.5555555556
2015-04-04,90.0,14.0
2015-04-05,90.0,25.0
2015-04-06,90.0,16.0
2015-04-07,80.0,14.0
2015-04-08,70.0,8.25
2015-04-09,50.0,4.0
2015-04-10,70.0,9.42987804878
2015-04-11,60.0,17.0
2015-04-12,70.0,20.0
2015-04-13,80.0,15.0
2015-04-14,75.0,11.0
2015-04-15,70.0,13.0
2015-04-16,80.0,29.0
2015-04-17,90.0,20.0
2015-04-18,70.0,11.0
2015-04-19,70.0,24.0
2015-04-20,70.0,22.34375
2015-04-21,80.0,19.0
2015-04-22,70.0,13.0
2015-04-23,60.0,11.0
2015-04-24,70.0,11.2638888889
2015-04-25,60.0,12.0
2015-04-26,65.0,20.7361111111
2015-04-27,70.0,29.0
2015-04-28,60.0,22.0
2015-04-29,70.0,43.0
2015-04-30,50.0,14.0
2015-05-01,60.0,11.1470588235
2015-05-02,70.0,10.0
2015-05-03,65.3125,14.2857142857
2015-05-04,55.0,20.0
2015-05-05,44.6875,21.9010327022
2015-05-06,40.0,24.0
2015-05-07,50.0,39.0
2015-05-08,90.0,24.5
2015-05-09,80.0,10.0
2015-05-10,83.3928571429,10.2576489533
2015-05-11,90.0,10.959742351
2015-05-12,100.0,12.0
2015-05-13,120.0,21.2934782609
2015-05-14,100.0,30.0
2015-05-15,110.0,29.4194915254
2015-05-16,120.0,28.0
2015-05-17,110.0,17.0
2015-05-18,100.0,10.0
2015-05-19,110.0,29.0
2015-05-20,100.0,23.5263157895
2015-05-21,110.0,16.0
2015-05-22,100.0,11.9736842105
2015-05-23,90.0,10.0
2015-05-24,95.0,20.0
2015-05-25,100.0,14.9583333333
2015-05-26,90.0,9.0
2015-05-27,100.0,8.0
2015-05-28,110.0,18.0
2015-05-29,100.0,13.5
2015-05-30,120.0,9.0
2015-05-31,110.0,18.0
2015-06-01,100.0,8.0
2015-06-02,110.0,8.56578947368
2015-06-03,90.0,10.0
2015-06-04,80.0,32.0
2015-06-05,90.0,21.5
2015-06-06,80.0,11.0
2015-06-07,73.3928571429,36.0
2015-06-08,70.0,9.0
2015-06-09,80.0,4.76020408163
2015-06-10,70.0,3.0
2015-06-11,90.0,11.0
2015-06-12,80.0,13.75
2015-06-13,90.0,15.0
2015-06-14,78.0681818182,11.0
2015-06-15,60.0,11.0
2015-06-16,50.0,16.0
2015-06-17,60.0,29.3221830986
2015-06-18,60.0,39.0
2015-06-19,70.0,26.0
2015-06-20,80.0,13.0
2015-06-21,72.5,41.0
2015-06-22,60.0,11.0
2015-06-23,50.0,16.0
